{
"meta":{"test_sets":[],"test_metrics":[],"learn_metrics":[{"best_value":"Min","name":"Logloss"}],"launch_mode":"Train","parameters":"","iteration_count":1000,"learn_sets":["learn"],"name":"experiment"},
"iterations":[
{"learn":[0.6873382419],"iteration":0,"passed_time":0.00469519933,"remaining_time":4.69050413},
{"learn":[0.6820748386],"iteration":1,"passed_time":0.008652135361,"remaining_time":4.317415545},
{"learn":[0.6762700179],"iteration":2,"passed_time":0.01480454345,"remaining_time":4.920043273},
{"learn":[0.6712744108],"iteration":3,"passed_time":0.0195326314,"remaining_time":4.863625219},
{"learn":[0.6666738617],"iteration":4,"passed_time":0.02264127272,"remaining_time":4.505613271},
{"learn":[0.661749832],"iteration":5,"passed_time":0.0280736729,"remaining_time":4.65087181},
{"learn":[0.6564972967],"iteration":6,"passed_time":0.03331688079,"remaining_time":4.726237517},
{"learn":[0.6531588238],"iteration":7,"passed_time":0.03695460226,"remaining_time":4.58237068},
{"learn":[0.6478125589],"iteration":8,"passed_time":0.04210706348,"remaining_time":4.636455546},
{"learn":[0.6427996314],"iteration":9,"passed_time":0.04775764453,"remaining_time":4.728006808},
{"learn":[0.6385261992],"iteration":10,"passed_time":0.05178702268,"remaining_time":4.65612413},
{"learn":[0.6349020273],"iteration":11,"passed_time":0.05524261941,"remaining_time":4.548308998},
{"learn":[0.6307966531],"iteration":12,"passed_time":0.06000436068,"remaining_time":4.555715692},
{"learn":[0.6260651212],"iteration":13,"passed_time":0.06461137589,"remaining_time":4.550486902},
{"learn":[0.6215356718],"iteration":14,"passed_time":0.06929985079,"remaining_time":4.550690202},
{"learn":[0.6179055527],"iteration":15,"passed_time":0.0722121973,"remaining_time":4.441050134},
{"learn":[0.6140013356],"iteration":16,"passed_time":0.07844052835,"remaining_time":4.535708198},
{"learn":[0.6108323825],"iteration":17,"passed_time":0.08198095124,"remaining_time":4.47251634},
{"learn":[0.6076338025],"iteration":18,"passed_time":0.08528283473,"remaining_time":4.403287414},
{"learn":[0.6044344757],"iteration":19,"passed_time":0.09051518797,"remaining_time":4.43524421},
{"learn":[0.6008394377],"iteration":20,"passed_time":0.09570930017,"remaining_time":4.461876422},
{"learn":[0.5970214867],"iteration":21,"passed_time":0.1003721998,"remaining_time":4.462000517},
{"learn":[0.5935386855],"iteration":22,"passed_time":0.1051419453,"remaining_time":4.466246981},
{"learn":[0.5904735837],"iteration":23,"passed_time":0.1104927128,"remaining_time":4.493370321},
{"learn":[0.5883647412],"iteration":24,"passed_time":0.1132668532,"remaining_time":4.417407274},
{"learn":[0.5846907592],"iteration":25,"passed_time":0.117969924,"remaining_time":4.419334845},
{"learn":[0.5811348053],"iteration":26,"passed_time":0.1240653318,"remaining_time":4.470946959},
{"learn":[0.5779786882],"iteration":27,"passed_time":0.1293259926,"remaining_time":4.489459458},
{"learn":[0.5746537164],"iteration":28,"passed_time":0.1340192343,"remaining_time":4.487333674},
{"learn":[0.5715215187],"iteration":29,"passed_time":0.1395805457,"remaining_time":4.51310431},
{"learn":[0.5693212399],"iteration":30,"passed_time":0.1436238736,"remaining_time":4.489404308},
{"learn":[0.5660298364],"iteration":31,"passed_time":0.1482152452,"remaining_time":4.483511166},
{"learn":[0.5629298823],"iteration":32,"passed_time":0.1540111802,"remaining_time":4.512994281},
{"learn":[0.5599015488],"iteration":33,"passed_time":0.1584580446,"remaining_time":4.50207268},
{"learn":[0.5572924064],"iteration":34,"passed_time":0.1623393644,"remaining_time":4.475928191},
{"learn":[0.5541758652],"iteration":35,"passed_time":0.1672029495,"remaining_time":4.477323425},
{"learn":[0.5516466303],"iteration":36,"passed_time":0.1715332594,"remaining_time":4.464500778},
{"learn":[0.5488852114],"iteration":37,"passed_time":0.17588288,"remaining_time":4.452613963},
{"learn":[0.5466444177],"iteration":38,"passed_time":0.178916494,"remaining_time":4.408685917},
{"learn":[0.5452146027],"iteration":39,"passed_time":0.1811888858,"remaining_time":4.348533259},
{"learn":[0.5432804722],"iteration":40,"passed_time":0.1860583488,"remaining_time":4.351950158},
{"learn":[0.5404827645],"iteration":41,"passed_time":0.1904120931,"remaining_time":4.34320917},
{"learn":[0.5382538644],"iteration":42,"passed_time":0.1937334584,"remaining_time":4.311695806},
{"learn":[0.5358217336],"iteration":43,"passed_time":0.1979728921,"remaining_time":4.30141102},
{"learn":[0.5333824902],"iteration":44,"passed_time":0.2027947335,"remaining_time":4.303754901},
{"learn":[0.5316026782],"iteration":45,"passed_time":0.2067516015,"remaining_time":4.287848431},
{"learn":[0.5290265589],"iteration":46,"passed_time":0.2111150675,"remaining_time":4.28069488},
{"learn":[0.5270883172],"iteration":47,"passed_time":0.2145385923,"remaining_time":4.255015415},
{"learn":[0.5254245626],"iteration":48,"passed_time":0.2182412526,"remaining_time":4.235661862},
{"learn":[0.5229499917],"iteration":49,"passed_time":0.2224309177,"remaining_time":4.226187436},
{"learn":[0.5210104907],"iteration":50,"passed_time":0.2263058373,"remaining_time":4.211063521},
{"learn":[0.5184621021],"iteration":51,"passed_time":0.2316655288,"remaining_time":4.223440794},
{"learn":[0.5163518193],"iteration":52,"passed_time":0.2365869435,"remaining_time":4.227317651},
{"learn":[0.5143023999],"iteration":53,"passed_time":0.2408991937,"remaining_time":4.220196986},
{"learn":[0.5121552032],"iteration":54,"passed_time":0.2455058289,"remaining_time":4.218236515},
{"learn":[0.5102186926],"iteration":55,"passed_time":0.2503885522,"remaining_time":4.220835594},
{"learn":[0.5084833998],"iteration":56,"passed_time":0.2538961937,"remaining_time":4.200422995},
{"learn":[0.5069354474],"iteration":57,"passed_time":0.2569316939,"remaining_time":4.172925098},
{"learn":[0.5046021605],"iteration":58,"passed_time":0.2616213206,"remaining_time":4.172638351},
{"learn":[0.5029288571],"iteration":59,"passed_time":0.2663477809,"remaining_time":4.1727819},
{"learn":[0.5015471693],"iteration":60,"passed_time":0.2704724381,"remaining_time":4.163501957},
{"learn":[0.4996727173],"iteration":61,"passed_time":0.2746496071,"remaining_time":4.155182766},
{"learn":[0.4980951981],"iteration":62,"passed_time":0.2803909225,"remaining_time":4.170258641},
{"learn":[0.497251344],"iteration":63,"passed_time":0.2826198163,"remaining_time":4.133314814},
{"learn":[0.4964238073],"iteration":64,"passed_time":0.2850560888,"remaining_time":4.1004222},
{"learn":[0.4946820024],"iteration":65,"passed_time":0.2895467471,"remaining_time":4.097525178},
{"learn":[0.4929861622],"iteration":66,"passed_time":0.2943813095,"remaining_time":4.099369578},
{"learn":[0.4912626021],"iteration":67,"passed_time":0.29890457,"remaining_time":4.096750871},
{"learn":[0.489452394],"iteration":68,"passed_time":0.3031436001,"remaining_time":4.090241908},
{"learn":[0.4880493144],"iteration":69,"passed_time":0.3075134815,"remaining_time":4.085536254},
{"learn":[0.4872559567],"iteration":70,"passed_time":0.3111620533,"remaining_time":4.071402078},
{"learn":[0.4860988361],"iteration":71,"passed_time":0.3142347175,"remaining_time":4.050136358},
{"learn":[0.4851551462],"iteration":72,"passed_time":0.3174431802,"remaining_time":4.031093535},
{"learn":[0.4835089861],"iteration":73,"passed_time":0.3214432238,"remaining_time":4.022384125},
{"learn":[0.4820483716],"iteration":74,"passed_time":0.3267657684,"remaining_time":4.030111144},
{"learn":[0.48098414],"iteration":75,"passed_time":0.3293383045,"remaining_time":4.004060439},
{"learn":[0.479568628],"iteration":76,"passed_time":0.3337395688,"remaining_time":4.000540545},
{"learn":[0.478023614],"iteration":77,"passed_time":0.3375841765,"remaining_time":3.990418086},
{"learn":[0.4765862028],"iteration":78,"passed_time":0.3430497261,"remaining_time":3.999351871},
{"learn":[0.4755641485],"iteration":79,"passed_time":0.3470766656,"remaining_time":3.991381654},
{"learn":[0.474001497],"iteration":80,"passed_time":0.3513710555,"remaining_time":3.98654321},
{"learn":[0.472560851],"iteration":81,"passed_time":0.3560054429,"remaining_time":3.985524349},
{"learn":[0.4711494342],"iteration":82,"passed_time":0.3606100808,"remaining_time":3.984089688},
{"learn":[0.4703638949],"iteration":83,"passed_time":0.3633586251,"remaining_time":3.962339293},
{"learn":[0.4693379964],"iteration":84,"passed_time":0.3666974159,"remaining_time":3.94738983},
{"learn":[0.4688119306],"iteration":85,"passed_time":0.3688884283,"remaining_time":3.920511901},
{"learn":[0.4680159829],"iteration":86,"passed_time":0.3737485037,"remaining_time":3.922211309},
{"learn":[0.4666804976],"iteration":87,"passed_time":0.3784769603,"remaining_time":3.922397588},
{"learn":[0.46542745],"iteration":88,"passed_time":0.3827267935,"remaining_time":3.917574257},
{"learn":[0.4643099777],"iteration":89,"passed_time":0.3872829228,"remaining_time":3.915860664},
{"learn":[0.4631560363],"iteration":90,"passed_time":0.3924184123,"remaining_time":3.919871832},
{"learn":[0.4620544096],"iteration":91,"passed_time":0.396564309,"remaining_time":3.913917311},
{"learn":[0.4615321833],"iteration":92,"passed_time":0.3993514861,"remaining_time":3.894750515},
{"learn":[0.4603192877],"iteration":93,"passed_time":0.403891362,"remaining_time":3.892825255},
{"learn":[0.4590585654],"iteration":94,"passed_time":0.4090955816,"remaining_time":3.897173698},
{"learn":[0.4578636578],"iteration":95,"passed_time":0.4132282771,"remaining_time":3.891232943},
{"learn":[0.4569435007],"iteration":96,"passed_time":0.41773225,"remaining_time":3.888785791},
{"learn":[0.4558214508],"iteration":97,"passed_time":0.4229117063,"remaining_time":3.892513868},
{"learn":[0.454886633],"iteration":98,"passed_time":0.4265218438,"remaining_time":3.881779609},
{"learn":[0.4537578124],"iteration":99,"passed_time":0.4304484387,"remaining_time":3.874035948},
{"learn":[0.4527604597],"iteration":100,"passed_time":0.4353783473,"remaining_time":3.875298359},
{"learn":[0.4518338278],"iteration":101,"passed_time":0.4403642263,"remaining_time":3.87693211},
{"learn":[0.4507009446],"iteration":102,"passed_time":0.4445046601,"remaining_time":3.871074564},
{"learn":[0.4503414608],"iteration":103,"passed_time":0.4468313515,"remaining_time":3.849623952},
{"learn":[0.4494986247],"iteration":104,"passed_time":0.4528871189,"remaining_time":3.860323537},
{"learn":[0.4483581299],"iteration":105,"passed_time":0.4575608599,"remaining_time":3.859051026},
{"learn":[0.4473888161],"iteration":106,"passed_time":0.4612811461,"remaining_time":3.849757602},
{"learn":[0.4463998231],"iteration":107,"passed_time":0.4658596094,"remaining_time":3.847655293},
{"learn":[0.4455385837],"iteration":108,"passed_time":0.4713013618,"remaining_time":3.852564343},
{"learn":[0.4448040599],"iteration":109,"passed_time":0.4759607484,"remaining_time":3.850955146},
{"learn":[0.4438789181],"iteration":110,"passed_time":0.4806795413,"remaining_time":3.849766777},
{"learn":[0.4427892045],"iteration":111,"passed_time":0.4861809586,"remaining_time":3.854720457},
{"learn":[0.4419258719],"iteration":112,"passed_time":0.4910704857,"remaining_time":3.854686025},
{"learn":[0.4410570955],"iteration":113,"passed_time":0.4961804622,"remaining_time":3.856279733},
{"learn":[0.440549201],"iteration":114,"passed_time":0.5001182165,"remaining_time":3.84873584},
{"learn":[0.440268489],"iteration":115,"passed_time":0.5026871816,"remaining_time":3.830823004},
{"learn":[0.4394958158],"iteration":116,"passed_time":0.5072889658,"remaining_time":3.828514161},
{"learn":[0.4385407022],"iteration":117,"passed_time":0.5119942149,"remaining_time":3.82693981},
{"learn":[0.4379127455],"iteration":118,"passed_time":0.5175776377,"remaining_time":3.831814276},
{"learn":[0.4373721737],"iteration":119,"passed_time":0.5220245721,"remaining_time":3.828180195},
{"learn":[0.4367426605],"iteration":120,"passed_time":0.5271268015,"remaining_time":3.829293045},
{"learn":[0.4361699328],"iteration":121,"passed_time":0.5334831424,"remaining_time":3.8393295},
{"learn":[0.4353373015],"iteration":122,"passed_time":0.539573203,"remaining_time":3.847200805},
{"learn":[0.4345916682],"iteration":123,"passed_time":0.5455052987,"remaining_time":3.853730981},
{"learn":[0.4339923597],"iteration":124,"passed_time":0.5503659592,"remaining_time":3.852561714},
{"learn":[0.4332234457],"iteration":125,"passed_time":0.5555171992,"remaining_time":3.853349461},
{"learn":[0.4330014066],"iteration":126,"passed_time":0.5580420632,"remaining_time":3.83598993},
{"learn":[0.4325773577],"iteration":127,"passed_time":0.5635914867,"remaining_time":3.839467003},
{"learn":[0.4317877753],"iteration":128,"passed_time":0.5687110238,"remaining_time":3.839901564},
{"learn":[0.4310749857],"iteration":129,"passed_time":0.5739225157,"remaining_time":3.840866066},
{"learn":[0.4307578192],"iteration":130,"passed_time":0.5776736506,"remaining_time":3.832048873},
{"learn":[0.4298896319],"iteration":131,"passed_time":0.582725581,"remaining_time":3.831862154},
{"learn":[0.4291717947],"iteration":132,"passed_time":0.5873112234,"remaining_time":3.828562637},
{"learn":[0.4289797472],"iteration":133,"passed_time":0.5903470918,"remaining_time":3.81522822},
{"learn":[0.4282192866],"iteration":134,"passed_time":0.5962619246,"remaining_time":3.820493073},
{"learn":[0.4279077353],"iteration":135,"passed_time":0.5998835898,"remaining_time":3.811025159},
{"learn":[0.4272481276],"iteration":136,"passed_time":0.6048743874,"remaining_time":3.810267126},
{"learn":[0.4264465469],"iteration":137,"passed_time":0.6104533108,"remaining_time":3.813121405},
{"learn":[0.4258421015],"iteration":138,"passed_time":0.6150315521,"remaining_time":3.809655873},
{"learn":[0.4250749309],"iteration":139,"passed_time":0.6193778639,"remaining_time":3.804749735},
{"learn":[0.4247066208],"iteration":140,"passed_time":0.62452375,"remaining_time":3.804722704},
{"learn":[0.4238582792],"iteration":141,"passed_time":0.6290258665,"remaining_time":3.800733757},
{"learn":[0.4236856836],"iteration":142,"passed_time":0.6316956185,"remaining_time":3.785756259},
{"learn":[0.423281176],"iteration":143,"passed_time":0.6355623278,"remaining_time":3.778064948},
{"learn":[0.4231794759],"iteration":144,"passed_time":0.6389250198,"remaining_time":3.767454427},
{"learn":[0.4227384227],"iteration":145,"passed_time":0.6442282986,"remaining_time":3.768294294},
{"learn":[0.4225857762],"iteration":146,"passed_time":0.646657753,"remaining_time":3.752374581},
{"learn":[0.4220567525],"iteration":147,"passed_time":0.6511848776,"remaining_time":3.748712944},
{"learn":[0.4213757366],"iteration":148,"passed_time":0.6570825034,"remaining_time":3.752867184},
{"learn":[0.4207350739],"iteration":149,"passed_time":0.6616385513,"remaining_time":3.749285124},
{"learn":[0.4204566178],"iteration":150,"passed_time":0.6647058668,"remaining_time":3.737319741},
{"learn":[0.4200576268],"iteration":151,"passed_time":0.6692929866,"remaining_time":3.733950346},
{"learn":[0.4196034795],"iteration":152,"passed_time":0.6747489379,"remaining_time":3.735374839},
{"learn":[0.4193708472],"iteration":153,"passed_time":0.6780659726,"remaining_time":3.724959824},
{"learn":[0.4187353064],"iteration":154,"passed_time":0.6826099735,"remaining_time":3.721325339},
{"learn":[0.4182476734],"iteration":155,"passed_time":0.6891381072,"remaining_time":3.728413862},
{"learn":[0.4175754979],"iteration":156,"passed_time":0.6941329102,"remaining_time":3.727095817},
{"learn":[0.4170125606],"iteration":157,"passed_time":0.6988686215,"remaining_time":3.724350502},
{"learn":[0.4167397094],"iteration":158,"passed_time":0.7051281979,"remaining_time":3.729640342},
{"learn":[0.4164253712],"iteration":159,"passed_time":0.7103124003,"remaining_time":3.729140101},
{"learn":[0.4158393552],"iteration":160,"passed_time":0.7155866096,"remaining_time":3.729050717},
{"learn":[0.4155110946],"iteration":161,"passed_time":0.7214583287,"remaining_time":3.731988145},
{"learn":[0.414942384],"iteration":162,"passed_time":0.726541555,"remaining_time":3.730768598},
{"learn":[0.4145342171],"iteration":163,"passed_time":0.731783052,"remaining_time":3.730308728},
{"learn":[0.4140431656],"iteration":164,"passed_time":0.7372668637,"remaining_time":3.731017159},
{"learn":[0.4134392658],"iteration":165,"passed_time":0.742176685,"remaining_time":3.728767201},
{"learn":[0.4129973331],"iteration":166,"passed_time":0.7472745082,"remaining_time":3.727423146},
{"learn":[0.4125189652],"iteration":167,"passed_time":0.7531830098,"remaining_time":3.730049191},
{"learn":[0.412233037],"iteration":168,"passed_time":0.7566497462,"remaining_time":3.720567687},
{"learn":[0.4118146249],"iteration":169,"passed_time":0.7617554946,"remaining_time":3.71915918},
{"learn":[0.4111991156],"iteration":170,"passed_time":0.7680735061,"remaining_time":3.723584424},
{"learn":[0.4107251113],"iteration":171,"passed_time":0.7730428109,"remaining_time":3.721392136},
{"learn":[0.4104665474],"iteration":172,"passed_time":0.7785410403,"remaining_time":3.721696187},
{"learn":[0.4100454869],"iteration":173,"passed_time":0.7844583733,"remaining_time":3.723923082},
{"learn":[0.4096914703],"iteration":174,"passed_time":0.7883796502,"remaining_time":3.716646922},
{"learn":[0.4092307318],"iteration":175,"passed_time":0.7935732194,"remaining_time":3.715365527},
{"learn":[0.4091487604],"iteration":176,"passed_time":0.7982286719,"remaining_time":3.711537836},
{"learn":[0.4086560437],"iteration":177,"passed_time":0.8029340231,"remaining_time":3.707931275},
{"learn":[0.4083522522],"iteration":178,"passed_time":0.8084801912,"remaining_time":3.708168922},
{"learn":[0.4080237314],"iteration":179,"passed_time":0.8148518728,"remaining_time":3.712102976},
{"learn":[0.4078175678],"iteration":180,"passed_time":0.8199569483,"remaining_time":3.710191937},
{"learn":[0.4073627776],"iteration":181,"passed_time":0.8250205671,"remaining_time":3.708059472},
{"learn":[0.4069850398],"iteration":182,"passed_time":0.8310772873,"remaining_time":3.710328654},
{"learn":[0.4069076398],"iteration":183,"passed_time":0.8342595466,"remaining_time":3.699759728},
{"learn":[0.4064493902],"iteration":184,"passed_time":0.8391220597,"remaining_time":3.696672858},
{"learn":[0.4059690344],"iteration":185,"passed_time":0.8452148048,"remaining_time":3.698950813},
{"learn":[0.4056146252],"iteration":186,"passed_time":0.8494417969,"remaining_time":3.693027705},
{"learn":[0.4051993047],"iteration":187,"passed_time":0.8537098865,"remaining_time":3.687300148},
{"learn":[0.4049742934],"iteration":188,"passed_time":0.8570026881,"remaining_time":3.677403069},
{"learn":[0.4046680494],"iteration":189,"passed_time":0.862338337,"remaining_time":3.676284489},
{"learn":[0.4043852286],"iteration":190,"passed_time":0.8665000816,"remaining_time":3.67014956},
{"learn":[0.4038932396],"iteration":191,"passed_time":0.8707273733,"remaining_time":3.664311029},
{"learn":[0.4036137317],"iteration":192,"passed_time":0.8756237387,"remaining_time":3.661286825},
{"learn":[0.4033887985],"iteration":193,"passed_time":0.8799672886,"remaining_time":3.65594657},
{"learn":[0.4030781217],"iteration":194,"passed_time":0.8842068339,"remaining_time":3.650187186},
{"learn":[0.4026665316],"iteration":195,"passed_time":0.8888172964,"remaining_time":3.645964828},
{"learn":[0.4025281816],"iteration":196,"passed_time":0.8924878195,"remaining_time":3.637907203},
{"learn":[0.4022146],"iteration":197,"passed_time":0.8970842967,"remaining_time":3.633644475},
{"learn":[0.4020704096],"iteration":198,"passed_time":0.9014267251,"remaining_time":3.628355813},
{"learn":[0.4018621366],"iteration":199,"passed_time":0.9047169429,"remaining_time":3.618867772},
{"learn":[0.4015264839],"iteration":200,"passed_time":0.9097747101,"remaining_time":3.616467629},
{"learn":[0.4010108697],"iteration":201,"passed_time":0.9139940008,"remaining_time":3.610728776},
{"learn":[0.4006578693],"iteration":202,"passed_time":0.9185574495,"remaining_time":3.606356095},
{"learn":[0.4002507894],"iteration":203,"passed_time":0.9250073662,"remaining_time":3.609342468},
{"learn":[0.3997737064],"iteration":204,"passed_time":0.9297894145,"remaining_time":3.605768705},
{"learn":[0.39931885],"iteration":205,"passed_time":0.9340759703,"remaining_time":3.6002734},
{"learn":[0.3989492193],"iteration":206,"passed_time":0.9404616429,"remaining_time":3.602831318},
{"learn":[0.3988994778],"iteration":207,"passed_time":0.9434786046,"remaining_time":3.592476225},
{"learn":[0.3985059089],"iteration":208,"passed_time":0.9481932976,"remaining_time":3.588616739},
{"learn":[0.3983472532],"iteration":209,"passed_time":0.9529594937,"remaining_time":3.584942857},
{"learn":[0.3979317735],"iteration":210,"passed_time":0.9579057938,"remaining_time":3.581932091},
{"learn":[0.3976381047],"iteration":211,"passed_time":0.9623438665,"remaining_time":3.577013994},
{"learn":[0.3974621193],"iteration":212,"passed_time":0.9671006774,"remaining_time":3.57327809},
{"learn":[0.3971502476],"iteration":213,"passed_time":0.9723241865,"remaining_time":3.571246779},
{"learn":[0.396997032],"iteration":214,"passed_time":0.9768885063,"remaining_time":3.566778965},
{"learn":[0.3966829863],"iteration":215,"passed_time":0.9813924896,"remaining_time":3.562091258},
{"learn":[0.3964424607],"iteration":216,"passed_time":0.9874366499,"remaining_time":3.562962658},
{"learn":[0.3960351906],"iteration":217,"passed_time":0.9918484464,"remaining_time":3.557915069},
{"learn":[0.3957691663],"iteration":218,"passed_time":0.9958487098,"remaining_time":3.551405673},
{"learn":[0.3953212839],"iteration":219,"passed_time":0.999960388,"remaining_time":3.545314103},
{"learn":[0.3950750752],"iteration":220,"passed_time":1.004893786,"remaining_time":3.542136918},
{"learn":[0.3948059378],"iteration":221,"passed_time":1.009232789,"remaining_time":3.536860856},
{"learn":[0.3943931626],"iteration":222,"passed_time":1.013418011,"remaining_time":3.531057374},
{"learn":[0.3940369467],"iteration":223,"passed_time":1.018898876,"remaining_time":3.529756821},
{"learn":[0.3936719059],"iteration":224,"passed_time":1.023458629,"remaining_time":3.525246389},
{"learn":[0.3933767009],"iteration":225,"passed_time":1.027992721,"remaining_time":3.520647637},
{"learn":[0.393049815],"iteration":226,"passed_time":1.03287643,"remaining_time":3.517240002},
{"learn":[0.3926471052],"iteration":227,"passed_time":1.037142416,"remaining_time":3.511727828},
{"learn":[0.3923522137],"iteration":228,"passed_time":1.041574617,"remaining_time":3.506786157},
{"learn":[0.3919780075],"iteration":229,"passed_time":1.04609323,"remaining_time":3.502138205},
{"learn":[0.3917592165],"iteration":230,"passed_time":1.052119888,"remaining_time":3.502511663},
{"learn":[0.3913819773],"iteration":231,"passed_time":1.056770539,"remaining_time":3.498274887},
{"learn":[0.3910579385],"iteration":232,"passed_time":1.061711512,"remaining_time":3.494990257},
{"learn":[0.3908157819],"iteration":233,"passed_time":1.067606827,"remaining_time":3.494815512},
{"learn":[0.3907737725],"iteration":234,"passed_time":1.070306992,"remaining_time":3.484190848},
{"learn":[0.3905557194],"iteration":235,"passed_time":1.074987308,"remaining_time":3.480043657},
{"learn":[0.390178422],"iteration":236,"passed_time":1.081030966,"remaining_time":3.480281127},
{"learn":[0.3899322543],"iteration":237,"passed_time":1.085559054,"remaining_time":3.475613441},
{"learn":[0.3896820465],"iteration":238,"passed_time":1.089587061,"remaining_time":3.469354618},
{"learn":[0.3895350128],"iteration":239,"passed_time":1.094623286,"remaining_time":3.466307071},
{"learn":[0.3894103942],"iteration":240,"passed_time":1.099464857,"remaining_time":3.462629986},
{"learn":[0.3890661422],"iteration":241,"passed_time":1.10392318,"remaining_time":3.457742852},
{"learn":[0.3887202359],"iteration":242,"passed_time":1.108537181,"remaining_time":3.453344223},
{"learn":[0.3884450165],"iteration":243,"passed_time":1.11358327,"remaining_time":3.45028259},
{"learn":[0.3881620594],"iteration":244,"passed_time":1.117878355,"remaining_time":3.444890441},
{"learn":[0.38812607],"iteration":245,"passed_time":1.12029907,"remaining_time":3.433762191},
{"learn":[0.388034459],"iteration":246,"passed_time":1.123804848,"remaining_time":3.426012351},
{"learn":[0.3877079191],"iteration":247,"passed_time":1.128573629,"remaining_time":3.422126487},
{"learn":[0.3875087534],"iteration":248,"passed_time":1.132629546,"remaining_time":3.41608349},
{"learn":[0.3872774875],"iteration":249,"passed_time":1.136720602,"remaining_time":3.410161807},
{"learn":[0.3869640933],"iteration":250,"passed_time":1.141625914,"remaining_time":3.406684499},
{"learn":[0.3867154315],"iteration":251,"passed_time":1.146576483,"remaining_time":3.403330195},
{"learn":[0.3864517481],"iteration":252,"passed_time":1.150932607,"remaining_time":3.398208131},
{"learn":[0.3861334819],"iteration":253,"passed_time":1.155811174,"remaining_time":3.394626519},
{"learn":[0.3859932043],"iteration":254,"passed_time":1.160664403,"remaining_time":3.390960706},
{"learn":[0.385740444],"iteration":255,"passed_time":1.165019727,"remaining_time":3.385838583},
{"learn":[0.385565837],"iteration":256,"passed_time":1.169548392,"remaining_time":3.381223561},
{"learn":[0.3854379387],"iteration":257,"passed_time":1.174678668,"remaining_time":3.378339426},
{"learn":[0.3854165956],"iteration":258,"passed_time":1.17693976,"remaining_time":3.367229197},
{"learn":[0.385056096],"iteration":259,"passed_time":1.181502037,"remaining_time":3.362736566},
{"learn":[0.3847879614],"iteration":260,"passed_time":1.186034782,"remaining_time":3.358159784},
{"learn":[0.384493857],"iteration":261,"passed_time":1.191314754,"remaining_time":3.355688123},
{"learn":[0.3843072829],"iteration":262,"passed_time":1.195468345,"remaining_time":3.350038669},
{"learn":[0.3841963683],"iteration":263,"passed_time":1.199936019,"remaining_time":3.345276173},
{"learn":[0.3839779898],"iteration":264,"passed_time":1.205782594,"remaining_time":3.344340402},
{"learn":[0.3837041917],"iteration":265,"passed_time":1.210852792,"remaining_time":3.341225374},
{"learn":[0.3835403222],"iteration":266,"passed_time":1.215506234,"remaining_time":3.336951571},
{"learn":[0.3832950573],"iteration":267,"passed_time":1.221748424,"remaining_time":3.337014351},
{"learn":[0.3831554352],"iteration":268,"passed_time":1.2263101,"remaining_time":3.332463507},
{"learn":[0.3829909123],"iteration":269,"passed_time":1.231679181,"remaining_time":3.330095563},
{"learn":[0.3827807345],"iteration":270,"passed_time":1.237584957,"remaining_time":3.329149203},
{"learn":[0.3826146577],"iteration":271,"passed_time":1.242703969,"remaining_time":3.326060622},
{"learn":[0.3823480722],"iteration":272,"passed_time":1.247218508,"remaining_time":3.321347455},
{"learn":[0.382082248],"iteration":273,"passed_time":1.253597482,"remaining_time":3.321575809},
{"learn":[0.3817959786],"iteration":274,"passed_time":1.258356278,"remaining_time":3.317484733},
{"learn":[0.3816987293],"iteration":275,"passed_time":1.262811877,"remaining_time":3.312593475},
{"learn":[0.3815237816],"iteration":276,"passed_time":1.269050181,"remaining_time":3.312358415},
{"learn":[0.3813061732],"iteration":277,"passed_time":1.274065344,"remaining_time":3.308903519},
{"learn":[0.381145752],"iteration":278,"passed_time":1.278830344,"remaining_time":3.304790961},
{"learn":[0.3809587089],"iteration":279,"passed_time":1.284346891,"remaining_time":3.302606292},
{"learn":[0.3806921134],"iteration":280,"passed_time":1.289562773,"remaining_time":3.299628591},
{"learn":[0.3805534223],"iteration":281,"passed_time":1.294818254,"remaining_time":3.296735838},
{"learn":[0.3803540254],"iteration":282,"passed_time":1.302033752,"remaining_time":3.298792227},
{"learn":[0.3801877758],"iteration":283,"passed_time":1.307778322,"remaining_time":3.297074924},
{"learn":[0.3798142951],"iteration":284,"passed_time":1.31250202,"remaining_time":3.292768226},
{"learn":[0.379487776],"iteration":285,"passed_time":1.319733415,"remaining_time":3.294719085},
{"learn":[0.3791136305],"iteration":286,"passed_time":1.324917629,"remaining_time":3.291520104},
{"learn":[0.3788127223],"iteration":287,"passed_time":1.331319345,"remaining_time":3.29131727},
{"learn":[0.3786833827],"iteration":288,"passed_time":1.336876063,"remaining_time":3.288992666},
{"learn":[0.3785008553],"iteration":289,"passed_time":1.341736998,"remaining_time":3.284942305},
{"learn":[0.3783011637],"iteration":290,"passed_time":1.349513197,"remaining_time":3.287989197},
{"learn":[0.378104465],"iteration":291,"passed_time":1.35467951,"remaining_time":3.284633881},
{"learn":[0.3778961376],"iteration":292,"passed_time":1.35999171,"remaining_time":3.281618222},
{"learn":[0.3777629575],"iteration":293,"passed_time":1.366144722,"remaining_time":3.280606034},
{"learn":[0.3773652722],"iteration":294,"passed_time":1.370940974,"remaining_time":3.276316565},
{"learn":[0.3771534903],"iteration":295,"passed_time":1.376517255,"remaining_time":3.273878878},
{"learn":[0.3769273259],"iteration":296,"passed_time":1.386052528,"remaining_time":3.280791001},
{"learn":[0.3766925482],"iteration":297,"passed_time":1.397503155,"remaining_time":3.292104747},
{"learn":[0.3764561396],"iteration":298,"passed_time":1.404973354,"remaining_time":3.293934185},
{"learn":[0.3762689975],"iteration":299,"passed_time":1.41455506,"remaining_time":3.300628473},
{"learn":[0.3759932732],"iteration":300,"passed_time":1.420931051,"remaining_time":3.299770115},
{"learn":[0.3757339281],"iteration":301,"passed_time":1.429711047,"remaining_time":3.304431493},
{"learn":[0.3756334481],"iteration":302,"passed_time":1.436528198,"remaining_time":3.304488956},
{"learn":[0.3753708841],"iteration":303,"passed_time":1.444881649,"remaining_time":3.308018512},
{"learn":[0.3751716883],"iteration":304,"passed_time":1.452555407,"remaining_time":3.309921337},
{"learn":[0.3749045408],"iteration":305,"passed_time":1.461093107,"remaining_time":3.313720967},
{"learn":[0.3746986614],"iteration":306,"passed_time":1.467951851,"remaining_time":3.31365027},
{"learn":[0.3746543997],"iteration":307,"passed_time":1.474223383,"remaining_time":3.312216173},
{"learn":[0.3743754654],"iteration":308,"passed_time":1.480429803,"remaining_time":3.310605159},
{"learn":[0.3741400582],"iteration":309,"passed_time":1.487340059,"remaining_time":3.310531098},
{"learn":[0.3739116211],"iteration":310,"passed_time":1.493774413,"remaining_time":3.309358749},
{"learn":[0.3738309743],"iteration":311,"passed_time":1.498836615,"remaining_time":3.305126894},
{"learn":[0.3737025413],"iteration":312,"passed_time":1.505747239,"remaining_time":3.304946816},
{"learn":[0.3736661257],"iteration":313,"passed_time":1.51083153,"remaining_time":3.300733852},
{"learn":[0.3734826234],"iteration":314,"passed_time":1.516859229,"remaining_time":3.298566894},
{"learn":[0.3733034945],"iteration":315,"passed_time":1.522948811,"remaining_time":3.296509451},
{"learn":[0.3732181909],"iteration":316,"passed_time":1.528105205,"remaining_time":3.292415946},
{"learn":[0.3730756687],"iteration":317,"passed_time":1.534556351,"remaining_time":3.291092551},
{"learn":[0.3729311146],"iteration":318,"passed_time":1.540522104,"remaining_time":3.288700793},
{"learn":[0.372913357],"iteration":319,"passed_time":1.544007675,"remaining_time":3.281016308},
{"learn":[0.3726992073],"iteration":320,"passed_time":1.549912168,"remaining_time":3.278474648},
{"learn":[0.3725904492],"iteration":321,"passed_time":1.555888457,"remaining_time":3.276063273},
{"learn":[0.3725273839],"iteration":322,"passed_time":1.561299385,"remaining_time":3.272444842},
{"learn":[0.3723617929],"iteration":323,"passed_time":1.567516366,"remaining_time":3.270497108},
{"learn":[0.3721091898],"iteration":324,"passed_time":1.574231039,"remaining_time":3.269556774},
{"learn":[0.3719504166],"iteration":325,"passed_time":1.582699135,"remaining_time":3.272206187},
{"learn":[0.3717233352],"iteration":326,"passed_time":1.589288147,"remaining_time":3.270920253},
{"learn":[0.3715543373],"iteration":327,"passed_time":1.596057625,"remaining_time":3.26997172},
{"learn":[0.3712023791],"iteration":328,"passed_time":1.603782577,"remaining_time":3.270936502},
{"learn":[0.3710887394],"iteration":329,"passed_time":1.609845896,"remaining_time":3.268475001},
{"learn":[0.3709325622],"iteration":330,"passed_time":1.617085186,"remaining_time":3.268368548},
{"learn":[0.3707088037],"iteration":331,"passed_time":1.622281551,"remaining_time":3.264108662},
{"learn":[0.3706715599],"iteration":332,"passed_time":1.627005063,"remaining_time":3.258896027},
{"learn":[0.3705772104],"iteration":333,"passed_time":1.63378384,"remaining_time":3.257784543},
{"learn":[0.3703894313],"iteration":334,"passed_time":1.639908512,"remaining_time":3.255340777},
{"learn":[0.3701557658],"iteration":335,"passed_time":1.648736663,"remaining_time":3.258217691},
{"learn":[0.3699833228],"iteration":336,"passed_time":1.654712363,"remaining_time":3.255413344},
{"learn":[0.3698102462],"iteration":337,"passed_time":1.662690332,"remaining_time":3.256511833},
{"learn":[0.3697490794],"iteration":338,"passed_time":1.666862152,"remaining_time":3.250135346},
{"learn":[0.3695665169],"iteration":339,"passed_time":1.671872011,"remaining_time":3.245398611},
{"learn":[0.3695259506],"iteration":340,"passed_time":1.678625215,"remaining_time":3.244029374},
{"learn":[0.3693554053],"iteration":341,"passed_time":1.683980219,"remaining_time":3.23993855},
{"learn":[0.3692910082],"iteration":342,"passed_time":1.689697541,"remaining_time":3.236534356},
{"learn":[0.3691740702],"iteration":343,"passed_time":1.696787803,"remaining_time":3.235734881},
{"learn":[0.3689734536],"iteration":344,"passed_time":1.702338337,"remaining_time":3.231975683},
{"learn":[0.3688740837],"iteration":345,"passed_time":1.709983718,"remaining_time":3.232165756},
{"learn":[0.3686360395],"iteration":346,"passed_time":1.714850037,"remaining_time":3.227080906},
{"learn":[0.368390354],"iteration":347,"passed_time":1.720427069,"remaining_time":3.223328877},
{"learn":[0.3681454007],"iteration":348,"passed_time":1.727047241,"remaining_time":3.221512189},
{"learn":[0.3679753883],"iteration":349,"passed_time":1.731931707,"remaining_time":3.216444599},
{"learn":[0.3677620706],"iteration":350,"passed_time":1.738776458,"remaining_time":3.215002624},
{"learn":[0.367592909],"iteration":351,"passed_time":1.744417875,"remaining_time":3.211314724},
{"learn":[0.3673410313],"iteration":352,"passed_time":1.749352518,"remaining_time":3.206320338},
{"learn":[0.3672506453],"iteration":353,"passed_time":1.756189346,"remaining_time":3.204797507},
{"learn":[0.3670127152],"iteration":354,"passed_time":1.760682459,"remaining_time":3.198986439},
{"learn":[0.3668201239],"iteration":355,"passed_time":1.764990326,"remaining_time":3.192847668},
{"learn":[0.3667536105],"iteration":356,"passed_time":1.770502269,"remaining_time":3.18888784},
{"learn":[0.366626696],"iteration":357,"passed_time":1.775394308,"remaining_time":3.18380767},
{"learn":[0.3664654191],"iteration":358,"passed_time":1.779642673,"remaining_time":3.177579257},
{"learn":[0.3662202653],"iteration":359,"passed_time":1.78407101,"remaining_time":3.171681796},
{"learn":[0.3660828015],"iteration":360,"passed_time":1.789229452,"remaining_time":3.16708482},
{"learn":[0.3658682367],"iteration":361,"passed_time":1.793431221,"remaining_time":3.160798671},
{"learn":[0.3658240079],"iteration":362,"passed_time":1.797058372,"remaining_time":3.153515655},
{"learn":[0.3657384489],"iteration":363,"passed_time":1.801929119,"remaining_time":3.148425604},
{"learn":[0.365712211],"iteration":364,"passed_time":1.805490362,"remaining_time":3.141058575},
{"learn":[0.3655879117],"iteration":365,"passed_time":1.809423777,"remaining_time":3.134357034},
{"learn":[0.365535578],"iteration":366,"passed_time":1.812753337,"remaining_time":3.126629052},
{"learn":[0.3654861672],"iteration":367,"passed_time":1.816192515,"remaining_time":3.119113233},
{"learn":[0.3653310584],"iteration":368,"passed_time":1.821689549,"remaining_time":3.115138497},
{"learn":[0.36516721],"iteration":369,"passed_time":1.826226648,"remaining_time":3.10952105},
{"learn":[0.3648473571],"iteration":370,"passed_time":1.831315825,"remaining_time":3.104845428},
{"learn":[0.364706588],"iteration":371,"passed_time":1.837287358,"remaining_time":3.101657152},
{"learn":[0.3646693401],"iteration":372,"passed_time":1.840736392,"remaining_time":3.09421372},
{"learn":[0.3646175128],"iteration":373,"passed_time":1.844946352,"remaining_time":3.088065284},
{"learn":[0.3643559843],"iteration":374,"passed_time":1.850876856,"remaining_time":3.08479476},
{"learn":[0.3641738728],"iteration":375,"passed_time":1.854824332,"remaining_time":3.078219104},
{"learn":[0.3640122884],"iteration":376,"passed_time":1.858499941,"remaining_time":3.071208125},
{"learn":[0.3639899368],"iteration":377,"passed_time":1.862585374,"remaining_time":3.064889161},
{"learn":[0.3639265992],"iteration":378,"passed_time":1.867337082,"remaining_time":3.059673688},
{"learn":[0.3635841288],"iteration":379,"passed_time":1.871231572,"remaining_time":3.053062038},
{"learn":[0.3634395549],"iteration":380,"passed_time":1.874729807,"remaining_time":3.045820868},
{"learn":[0.3632155114],"iteration":381,"passed_time":1.879424489,"remaining_time":3.040534907},
{"learn":[0.3630563136],"iteration":382,"passed_time":1.884240367,"remaining_time":3.035447275},
{"learn":[0.363000932],"iteration":383,"passed_time":1.88754936,"remaining_time":3.027943766},
{"learn":[0.3627905962],"iteration":384,"passed_time":1.891485627,"remaining_time":3.021464054},
{"learn":[0.3627525723],"iteration":385,"passed_time":1.895722381,"remaining_time":3.015475497},
{"learn":[0.3625484091],"iteration":386,"passed_time":1.900248754,"remaining_time":3.009954745},
{"learn":[0.3623787276],"iteration":387,"passed_time":1.904226031,"remaining_time":3.003573017},
{"learn":[0.362292954],"iteration":388,"passed_time":1.908214389,"remaining_time":2.997221059},
{"learn":[0.3620724597],"iteration":389,"passed_time":1.91360485,"remaining_time":2.993074253},
{"learn":[0.3620111485],"iteration":390,"passed_time":1.917807201,"remaining_time":2.987070551},
{"learn":[0.3617651245],"iteration":391,"passed_time":1.921910488,"remaining_time":2.980922389},
{"learn":[0.3616002042],"iteration":392,"passed_time":1.926784682,"remaining_time":2.975975323},
{"learn":[0.3613744584],"iteration":393,"passed_time":1.931470148,"remaining_time":2.97073835},
{"learn":[0.3612431487],"iteration":394,"passed_time":1.935940022,"remaining_time":2.965173957},
{"learn":[0.3610740569],"iteration":395,"passed_time":1.940477376,"remaining_time":2.959718019},
{"learn":[0.3608757441],"iteration":396,"passed_time":1.945597479,"remaining_time":2.955151839},
{"learn":[0.3607669793],"iteration":397,"passed_time":1.949588818,"remaining_time":2.948875549},
{"learn":[0.3606126755],"iteration":398,"passed_time":1.953617522,"remaining_time":2.942666995},
{"learn":[0.3604593307],"iteration":399,"passed_time":1.958736242,"remaining_time":2.938104363},
{"learn":[0.3603137568],"iteration":400,"passed_time":1.963220424,"remaining_time":2.932591107},
{"learn":[0.3602553331],"iteration":401,"passed_time":1.967783604,"remaining_time":2.927200485},
{"learn":[0.3600855585],"iteration":402,"passed_time":1.972212055,"remaining_time":2.921614384},
{"learn":[0.3600789677],"iteration":403,"passed_time":1.975782985,"remaining_time":2.914768958},
{"learn":[0.3599918994],"iteration":404,"passed_time":1.979963359,"remaining_time":2.908835059},
{"learn":[0.3598635178],"iteration":405,"passed_time":1.984192601,"remaining_time":2.902981294},
{"learn":[0.3596395854],"iteration":406,"passed_time":1.989256863,"remaining_time":2.898352138},
{"learn":[0.3595195219],"iteration":407,"passed_time":1.994077377,"remaining_time":2.893367174},
{"learn":[0.3592843055],"iteration":408,"passed_time":1.998411538,"remaining_time":2.887680243},
{"learn":[0.3590706675],"iteration":409,"passed_time":2.002669036,"remaining_time":2.881889589},
{"learn":[0.358919756],"iteration":410,"passed_time":2.008138436,"remaining_time":2.877843161},
{"learn":[0.3587754222],"iteration":411,"passed_time":2.012038538,"remaining_time":2.871550146},
{"learn":[0.3586241402],"iteration":412,"passed_time":2.016511266,"remaining_time":2.866082598},
{"learn":[0.358503448],"iteration":413,"passed_time":2.021525998,"remaining_time":2.86138704},
{"learn":[0.358386004],"iteration":414,"passed_time":2.026025525,"remaining_time":2.855963692},
{"learn":[0.3582261915],"iteration":415,"passed_time":2.030246449,"remaining_time":2.850153669},
{"learn":[0.3581531995],"iteration":416,"passed_time":2.033911486,"remaining_time":2.843574092},
{"learn":[0.357941754],"iteration":417,"passed_time":2.038941084,"remaining_time":2.8389084},
{"learn":[0.3577655889],"iteration":418,"passed_time":2.043555748,"remaining_time":2.833665608},
{"learn":[0.3576822764],"iteration":419,"passed_time":2.047325944,"remaining_time":2.827259637},
{"learn":[0.3575499936],"iteration":420,"passed_time":2.051674305,"remaining_time":2.821661336},
{"learn":[0.3574231237],"iteration":421,"passed_time":2.056697306,"remaining_time":2.816992992},
{"learn":[0.3573810765],"iteration":422,"passed_time":2.060337694,"remaining_time":2.810436997},
{"learn":[0.3572795133],"iteration":423,"passed_time":2.06483173,"remaining_time":2.805054426},
{"learn":[0.3571832871],"iteration":424,"passed_time":2.070728843,"remaining_time":2.801574318},
{"learn":[0.3570473699],"iteration":425,"passed_time":2.074774607,"remaining_time":2.795588321},
{"learn":[0.3569472327],"iteration":426,"passed_time":2.078944447,"remaining_time":2.789777911},
{"learn":[0.35686448],"iteration":427,"passed_time":2.084074723,"remaining_time":2.785258743},
{"learn":[0.3567757264],"iteration":428,"passed_time":2.088676835,"remaining_time":2.780033736},
{"learn":[0.3566469668],"iteration":429,"passed_time":2.092705563,"remaining_time":2.77405156},
{"learn":[0.356352005],"iteration":430,"passed_time":2.096864756,"remaining_time":2.768250687},
{"learn":[0.3561079889],"iteration":431,"passed_time":2.102177844,"remaining_time":2.763974573},
{"learn":[0.3559869361],"iteration":432,"passed_time":2.106449985,"remaining_time":2.758330581},
{"learn":[0.3559497267],"iteration":433,"passed_time":2.109446379,"remaining_time":2.751029148},
{"learn":[0.3558115893],"iteration":434,"passed_time":2.114036902,"remaining_time":2.745818045},
{"learn":[0.3556471725],"iteration":435,"passed_time":2.120135874,"remaining_time":2.742561085},
{"learn":[0.355473768],"iteration":436,"passed_time":2.124373049,"remaining_time":2.73689251},
{"learn":[0.3551428916],"iteration":437,"passed_time":2.128990466,"remaining_time":2.731718361},
{"learn":[0.3551218895],"iteration":438,"passed_time":2.133281655,"remaining_time":2.726129859},
{"learn":[0.3550884369],"iteration":439,"passed_time":2.136544686,"remaining_time":2.719238692},
{"learn":[0.354955329],"iteration":440,"passed_time":2.140515864,"remaining_time":2.713261606},
{"learn":[0.354939001],"iteration":441,"passed_time":2.143207658,"remaining_time":2.705678447},
{"learn":[0.3547080708],"iteration":442,"passed_time":2.149291983,"remaining_time":2.702382922},
{"learn":[0.3544220436],"iteration":443,"passed_time":2.153661753,"remaining_time":2.69692778},
{"learn":[0.3543392343],"iteration":444,"passed_time":2.157823702,"remaining_time":2.691218324},
{"learn":[0.3541457151],"iteration":445,"passed_time":2.163203736,"remaining_time":2.687028856},
{"learn":[0.3540338427],"iteration":446,"passed_time":2.167373175,"remaining_time":2.681336389},
{"learn":[0.3538918457],"iteration":447,"passed_time":2.171661109,"remaining_time":2.675796724},
{"learn":[0.3537467119],"iteration":448,"passed_time":2.175901129,"remaining_time":2.670203835},
{"learn":[0.3535717038],"iteration":449,"passed_time":2.181293087,"remaining_time":2.666024884},
{"learn":[0.3534872465],"iteration":450,"passed_time":2.185731792,"remaining_time":2.660680164},
{"learn":[0.3534066863],"iteration":451,"passed_time":2.18946425,"remaining_time":2.654483206},
{"learn":[0.3533347968],"iteration":452,"passed_time":2.194651279,"remaining_time":2.650053531},
{"learn":[0.353280236],"iteration":453,"passed_time":2.198963049,"remaining_time":2.644567896},
{"learn":[0.3532136654],"iteration":454,"passed_time":2.203450439,"remaining_time":2.639297778},
{"learn":[0.3529395384],"iteration":455,"passed_time":2.208027757,"remaining_time":2.634138377},
{"learn":[0.3526734115],"iteration":456,"passed_time":2.213628015,"remaining_time":2.630196963},
{"learn":[0.3525395822],"iteration":457,"passed_time":2.219719743,"remaining_time":2.626829914},
{"learn":[0.3524154232],"iteration":458,"passed_time":2.226475048,"remaining_time":2.624233117},
{"learn":[0.3522446831],"iteration":459,"passed_time":2.233061807,"remaining_time":2.621420382},
{"learn":[0.3520351629],"iteration":460,"passed_time":2.23947235,"remaining_time":2.618385243},
{"learn":[0.3519188371],"iteration":461,"passed_time":2.245861986,"remaining_time":2.615311144},
{"learn":[0.351802424],"iteration":462,"passed_time":2.252054725,"remaining_time":2.611994358},
{"learn":[0.3517536806],"iteration":463,"passed_time":2.258573037,"remaining_time":2.609041267},
{"learn":[0.3516614771],"iteration":464,"passed_time":2.264583937,"remaining_time":2.605489045},
{"learn":[0.3515404332],"iteration":465,"passed_time":2.270710537,"remaining_time":2.602058855},
{"learn":[0.3515015081],"iteration":466,"passed_time":2.277181192,"remaining_time":2.599009798},
{"learn":[0.351405797],"iteration":467,"passed_time":2.282803828,"remaining_time":2.59498213},
{"learn":[0.3511740074],"iteration":468,"passed_time":2.289983334,"remaining_time":2.592710342},
{"learn":[0.3511316611],"iteration":469,"passed_time":2.294810623,"remaining_time":2.587765171},
{"learn":[0.3510510227],"iteration":470,"passed_time":2.299820308,"remaining_time":2.583025357},
{"learn":[0.3509062829],"iteration":471,"passed_time":2.306483342,"remaining_time":2.580133907},
{"learn":[0.3508755449],"iteration":472,"passed_time":2.31228095,"remaining_time":2.576262285},
{"learn":[0.3507392583],"iteration":473,"passed_time":2.318231361,"remaining_time":2.572552101},
{"learn":[0.3505745279],"iteration":474,"passed_time":2.324935034,"remaining_time":2.569665038},
{"learn":[0.3504011329],"iteration":475,"passed_time":2.330787141,"remaining_time":2.5658245},
{"learn":[0.350354939],"iteration":476,"passed_time":2.337553111,"remaining_time":2.56297752},
{"learn":[0.3502063292],"iteration":477,"passed_time":2.342930562,"remaining_time":2.55859781},
{"learn":[0.3500065112],"iteration":478,"passed_time":2.348970453,"remaining_time":2.55493446},
{"learn":[0.3497848807],"iteration":479,"passed_time":2.355937015,"remaining_time":2.5522651},
{"learn":[0.349617312],"iteration":480,"passed_time":2.361398615,"remaining_time":2.547954015},
{"learn":[0.3495077301],"iteration":481,"passed_time":2.367976669,"remaining_time":2.544837997},
{"learn":[0.3493538488],"iteration":482,"passed_time":2.373116032,"remaining_time":2.540167678},
{"learn":[0.3492320129],"iteration":483,"passed_time":2.379189778,"remaining_time":2.536491581},
{"learn":[0.3491186857],"iteration":484,"passed_time":2.384975262,"remaining_time":2.532499505},
{"learn":[0.3491001808],"iteration":485,"passed_time":2.389383885,"remaining_time":2.527043862},
{"learn":[0.3489383524],"iteration":486,"passed_time":2.395416676,"remaining_time":2.523303398},
{"learn":[0.3487421084],"iteration":487,"passed_time":2.400861511,"remaining_time":2.518936667},
{"learn":[0.3485989179],"iteration":488,"passed_time":2.405656697,"remaining_time":2.513886651},
{"learn":[0.3484717982],"iteration":489,"passed_time":2.411329504,"remaining_time":2.509751116},
{"learn":[0.3482890745],"iteration":490,"passed_time":2.416778116,"remaining_time":2.505376906},
{"learn":[0.3481423858],"iteration":491,"passed_time":2.421520445,"remaining_time":2.500269077},
{"learn":[0.3479369913],"iteration":492,"passed_time":2.428190656,"remaining_time":2.49714536},
{"learn":[0.3479047535],"iteration":493,"passed_time":2.433449807,"remaining_time":2.492561949},
{"learn":[0.3477365182],"iteration":494,"passed_time":2.438657861,"remaining_time":2.487923676},
{"learn":[0.3475158627],"iteration":495,"passed_time":2.445291882,"remaining_time":2.484732074},
{"learn":[0.3473037533],"iteration":496,"passed_time":2.450350651,"remaining_time":2.479932349},
{"learn":[0.3472060455],"iteration":497,"passed_time":2.455886485,"remaining_time":2.475612481},
{"learn":[0.3471403455],"iteration":498,"passed_time":2.46139063,"remaining_time":2.471255923},
{"learn":[0.3469372926],"iteration":499,"passed_time":2.466449225,"remaining_time":2.466449225},
{"learn":[0.346822324],"iteration":500,"passed_time":2.471125731,"remaining_time":2.461260957},
{"learn":[0.3466973651],"iteration":501,"passed_time":2.476369457,"remaining_time":2.45663743},
{"learn":[0.346543348],"iteration":502,"passed_time":2.480726613,"remaining_time":2.451135441},
{"learn":[0.3464755189],"iteration":503,"passed_time":2.485265724,"remaining_time":2.445817062},
{"learn":[0.3463660286],"iteration":504,"passed_time":2.490853616,"remaining_time":2.441529782},
{"learn":[0.3462130847],"iteration":505,"passed_time":2.49540791,"remaining_time":2.436228275},
{"learn":[0.3461139062],"iteration":506,"passed_time":2.499877983,"remaining_time":2.430847821},
{"learn":[0.346068033],"iteration":507,"passed_time":2.504855529,"remaining_time":2.425962442},
{"learn":[0.3459837016],"iteration":508,"passed_time":2.51022774,"remaining_time":2.421457408},
{"learn":[0.3459756693],"iteration":509,"passed_time":2.513257002,"remaining_time":2.414697903},
{"learn":[0.3457248325],"iteration":510,"passed_time":2.517983778,"remaining_time":2.409577431},
{"learn":[0.345610017],"iteration":511,"passed_time":2.523822701,"remaining_time":2.405518512},
{"learn":[0.3454164983],"iteration":512,"passed_time":2.528494814,"remaining_time":2.400344979},
{"learn":[0.3452686405],"iteration":513,"passed_time":2.532724062,"remaining_time":2.394754658},
{"learn":[0.3451636003],"iteration":514,"passed_time":2.538643922,"remaining_time":2.390761752},
{"learn":[0.3450991718],"iteration":515,"passed_time":2.543023118,"remaining_time":2.385316258},
{"learn":[0.345086392],"iteration":516,"passed_time":2.546105312,"remaining_time":2.378663183},
{"learn":[0.3450392026],"iteration":517,"passed_time":2.551021803,"remaining_time":2.373730712},
{"learn":[0.3450087417],"iteration":518,"passed_time":2.556318298,"remaining_time":2.369150485},
{"learn":[0.3449410407],"iteration":519,"passed_time":2.560674531,"remaining_time":2.363699567},
{"learn":[0.3447912161],"iteration":520,"passed_time":2.56499723,"remaining_time":2.358222021},
{"learn":[0.3446889554],"iteration":521,"passed_time":2.570367764,"remaining_time":2.353708412},
{"learn":[0.3446262387],"iteration":522,"passed_time":2.574868461,"remaining_time":2.348398195},
{"learn":[0.3444984467],"iteration":523,"passed_time":2.579338433,"remaining_time":2.343063157},
{"learn":[0.3444191511],"iteration":524,"passed_time":2.583748238,"remaining_time":2.337676978},
{"learn":[0.3442897204],"iteration":525,"passed_time":2.588444938,"remaining_time":2.332553043},
{"learn":[0.3442739516],"iteration":526,"passed_time":2.591070854,"remaining_time":2.325572133},
{"learn":[0.3441641941],"iteration":527,"passed_time":2.595396747,"remaining_time":2.320127395},
{"learn":[0.343969495],"iteration":528,"passed_time":2.601269366,"remaining_time":2.316064029},
{"learn":[0.343816137],"iteration":529,"passed_time":2.605648441,"remaining_time":2.310669373},
{"learn":[0.3436022868],"iteration":530,"passed_time":2.609542043,"remaining_time":2.304849751},
{"learn":[0.3435820219],"iteration":531,"passed_time":2.612696406,"remaining_time":2.298387064},
{"learn":[0.3435786494],"iteration":532,"passed_time":2.616069864,"remaining_time":2.292128755},
{"learn":[0.3435267988],"iteration":533,"passed_time":2.620333985,"remaining_time":2.286658496},
{"learn":[0.34344411],"iteration":534,"passed_time":2.62429443,"remaining_time":2.280928803},
{"learn":[0.3433456394],"iteration":535,"passed_time":2.628289273,"remaining_time":2.27523549},
{"learn":[0.3431235494],"iteration":536,"passed_time":2.633710865,"remaining_time":2.270778642},
{"learn":[0.3430732473],"iteration":537,"passed_time":2.638031545,"remaining_time":2.265372814},
{"learn":[0.3430213709],"iteration":538,"passed_time":2.642130674,"remaining_time":2.259781523},
{"learn":[0.3428393005],"iteration":539,"passed_time":2.646970701,"remaining_time":2.254826893},
{"learn":[0.342704143],"iteration":540,"passed_time":2.651829392,"remaining_time":2.249888523},
{"learn":[0.3425472749],"iteration":541,"passed_time":2.655761706,"remaining_time":2.244167641},
{"learn":[0.3424259446],"iteration":542,"passed_time":2.660688646,"remaining_time":2.239290444},
{"learn":[0.3422500437],"iteration":543,"passed_time":2.666152089,"remaining_time":2.234862781},
{"learn":[0.34216975],"iteration":544,"passed_time":2.67037127,"remaining_time":2.229392528},
{"learn":[0.3420303171],"iteration":545,"passed_time":2.675675354,"remaining_time":2.224828958},
{"learn":[0.3419621988],"iteration":546,"passed_time":2.681050787,"remaining_time":2.220321767},
{"learn":[0.3418148428],"iteration":547,"passed_time":2.685485532,"remaining_time":2.215035511},
{"learn":[0.3416987427],"iteration":548,"passed_time":2.689655001,"remaining_time":2.209534436},
{"learn":[0.3416239942],"iteration":549,"passed_time":2.695568448,"remaining_time":2.205465094},
{"learn":[0.341493486],"iteration":550,"passed_time":2.700317078,"remaining_time":2.200439869},
{"learn":[0.3414037592],"iteration":551,"passed_time":2.704669036,"remaining_time":2.195093711},
{"learn":[0.3412869557],"iteration":552,"passed_time":2.711197939,"remaining_time":2.191510811},
{"learn":[0.3411181683],"iteration":553,"passed_time":2.715843401,"remaining_time":2.186401005},
{"learn":[0.3410146182],"iteration":554,"passed_time":2.718926257,"remaining_time":2.180039972},
{"learn":[0.340889224],"iteration":555,"passed_time":2.722738366,"remaining_time":2.174273084},
{"learn":[0.3408127452],"iteration":556,"passed_time":2.727244604,"remaining_time":2.169065277},
{"learn":[0.3406779924],"iteration":557,"passed_time":2.731047109,"remaining_time":2.163302549},
{"learn":[0.3405563259],"iteration":558,"passed_time":2.734758097,"remaining_time":2.157474635},
{"learn":[0.3404528409],"iteration":559,"passed_time":2.739154601,"remaining_time":2.152192901},
{"learn":[0.3404016023],"iteration":560,"passed_time":2.74311569,"remaining_time":2.146573597},
{"learn":[0.3401718888],"iteration":561,"passed_time":2.747047148,"remaining_time":2.140937101},
{"learn":[0.3400242778],"iteration":562,"passed_time":2.750694144,"remaining_time":2.135085863},
{"learn":[0.3399240825],"iteration":563,"passed_time":2.754927054,"remaining_time":2.129695382},
{"learn":[0.3398358049],"iteration":564,"passed_time":2.759458905,"remaining_time":2.124539157},
{"learn":[0.3398354015],"iteration":565,"passed_time":2.761464113,"remaining_time":2.117447748},
{"learn":[0.3397849808],"iteration":566,"passed_time":2.765880541,"remaining_time":2.112215651},
{"learn":[0.3397738122],"iteration":567,"passed_time":2.768841107,"remaining_time":2.105879152},
{"learn":[0.3397384586],"iteration":568,"passed_time":2.77227211,"remaining_time":2.09991086},
{"learn":[0.3396394852],"iteration":569,"passed_time":2.776103335,"remaining_time":2.094253393},
{"learn":[0.3395574599],"iteration":570,"passed_time":2.779804799,"remaining_time":2.088504832},
{"learn":[0.339506705],"iteration":571,"passed_time":2.783335668,"remaining_time":2.08263578},
{"learn":[0.339418679],"iteration":572,"passed_time":2.787947128,"remaining_time":2.077580146},
{"learn":[0.3392406326],"iteration":573,"passed_time":2.792127501,"remaining_time":2.072206125},
{"learn":[0.3391289126],"iteration":574,"passed_time":2.796017233,"remaining_time":2.066621433},
{"learn":[0.3390290555],"iteration":575,"passed_time":2.800151046,"remaining_time":2.061222298},
{"learn":[0.3389068048],"iteration":576,"passed_time":2.805759858,"remaining_time":2.056908873},
{"learn":[0.3388158119],"iteration":577,"passed_time":2.809910318,"remaining_time":2.051526218},
{"learn":[0.3386780368],"iteration":578,"passed_time":2.813755044,"remaining_time":2.045925516},
{"learn":[0.3385577685],"iteration":579,"passed_time":2.818263579,"remaining_time":2.040811557},
{"learn":[0.3384103615],"iteration":580,"passed_time":2.823298996,"remaining_time":2.036079655},
{"learn":[0.3382106743],"iteration":581,"passed_time":2.827305,"remaining_time":2.030607371},
{"learn":[0.3381078671],"iteration":582,"passed_time":2.831350334,"remaining_time":2.025168249},
{"learn":[0.3378864628],"iteration":583,"passed_time":2.836634737,"remaining_time":2.020616525},
{"learn":[0.3378117708],"iteration":584,"passed_time":2.841004501,"remaining_time":2.01541345},
{"learn":[0.337789781],"iteration":585,"passed_time":2.844822222,"remaining_time":2.009823208},
{"learn":[0.3377664442],"iteration":586,"passed_time":2.847844615,"remaining_time":2.003679431},
{"learn":[0.3375774311],"iteration":587,"passed_time":2.853508115,"remaining_time":1.999396842},
{"learn":[0.3374230568],"iteration":588,"passed_time":2.857759251,"remaining_time":1.994124028},
{"learn":[0.3374054693],"iteration":589,"passed_time":2.860922893,"remaining_time":1.98809896},
{"learn":[0.3372413888],"iteration":590,"passed_time":2.86546569,"remaining_time":1.983038016},
{"learn":[0.3371026384],"iteration":591,"passed_time":2.870233744,"remaining_time":1.978134067},
{"learn":[0.3370055565],"iteration":592,"passed_time":2.874057477,"remaining_time":1.972582451},
{"learn":[0.3368869878],"iteration":593,"passed_time":2.877916123,"remaining_time":1.967060515},
{"learn":[0.3368339136],"iteration":594,"passed_time":2.882675588,"remaining_time":1.962157333},
{"learn":[0.3367298404],"iteration":595,"passed_time":2.886538822,"remaining_time":1.956647121},
{"learn":[0.3366325684],"iteration":596,"passed_time":2.890379678,"remaining_time":1.95112732},
{"learn":[0.3366133367],"iteration":597,"passed_time":2.893122956,"remaining_time":1.944875298},
{"learn":[0.3364294106],"iteration":598,"passed_time":2.897971894,"remaining_time":1.940044623},
{"learn":[0.3363009815],"iteration":599,"passed_time":2.902131521,"remaining_time":1.934754347},
{"learn":[0.3361614166],"iteration":600,"passed_time":2.906278827,"remaining_time":1.929459654},
{"learn":[0.3360148354],"iteration":601,"passed_time":2.910279595,"remaining_time":1.924071892},
{"learn":[0.3358526575],"iteration":602,"passed_time":2.915169478,"remaining_time":1.919274101},
{"learn":[0.3357092023],"iteration":603,"passed_time":2.919615512,"remaining_time":1.914185004},
{"learn":[0.3355760968],"iteration":604,"passed_time":2.923421926,"remaining_time":1.908680431},
{"learn":[0.335447727],"iteration":605,"passed_time":2.927878715,"remaining_time":1.903604313},
{"learn":[0.3353763413],"iteration":606,"passed_time":2.932044148,"remaining_time":1.898341598},
{"learn":[0.3351610554],"iteration":607,"passed_time":2.935857968,"remaining_time":1.892855795},
{"learn":[0.3350140303],"iteration":608,"passed_time":2.939598041,"remaining_time":1.887328135},
{"learn":[0.3348085444],"iteration":609,"passed_time":2.944009023,"remaining_time":1.882235277},
{"learn":[0.3347002259],"iteration":610,"passed_time":2.948623932,"remaining_time":1.877274484},
{"learn":[0.3345874733],"iteration":611,"passed_time":2.952606119,"remaining_time":1.871913683},
{"learn":[0.3345654523],"iteration":612,"passed_time":2.955347029,"remaining_time":1.865773736},
{"learn":[0.3344674446],"iteration":613,"passed_time":2.959432295,"remaining_time":1.860490009},
{"learn":[0.3343055093],"iteration":614,"passed_time":2.963911233,"remaining_time":1.855456626},
{"learn":[0.3341515453],"iteration":615,"passed_time":2.967661046,"remaining_time":1.849970522},
{"learn":[0.3340639106],"iteration":616,"passed_time":2.971678032,"remaining_time":1.844655893},
{"learn":[0.3339966595],"iteration":617,"passed_time":2.976072324,"remaining_time":1.839578686},
{"learn":[0.333859051],"iteration":618,"passed_time":2.980164291,"remaining_time":1.834317601},
{"learn":[0.333789698],"iteration":619,"passed_time":2.984389355,"remaining_time":1.829141863},
{"learn":[0.3336191216],"iteration":620,"passed_time":2.988296038,"remaining_time":1.823774876},
{"learn":[0.3335757135],"iteration":621,"passed_time":2.992693,"remaining_time":1.818710537},
{"learn":[0.3334963088],"iteration":622,"passed_time":2.997295035,"remaining_time":1.813772437},
{"learn":[0.3334498188],"iteration":623,"passed_time":3.001532859,"remaining_time":1.808615953},
{"learn":[0.3332711034],"iteration":624,"passed_time":3.006006102,"remaining_time":1.803603661},
{"learn":[0.333116595],"iteration":625,"passed_time":3.010472685,"remaining_time":1.798589112},
{"learn":[0.3329743185],"iteration":626,"passed_time":3.015190889,"remaining_time":1.793725999},
{"learn":[0.3327527505],"iteration":627,"passed_time":3.020648784,"remaining_time":1.789301509},
{"learn":[0.3326585973],"iteration":628,"passed_time":3.027098199,"remaining_time":1.785458556},
{"learn":[0.3325271],"iteration":629,"passed_time":3.03138239,"remaining_time":1.78033569},
{"learn":[0.3323413153],"iteration":630,"passed_time":3.035414435,"remaining_time":1.775068029},
{"learn":[0.3322774935],"iteration":631,"passed_time":3.041358487,"remaining_time":1.7709176},
{"learn":[0.3321360657],"iteration":632,"passed_time":3.045428108,"remaining_time":1.765674748},
{"learn":[0.3320004217],"iteration":633,"passed_time":3.049397861,"remaining_time":1.760377945},
{"learn":[0.331953486],"iteration":634,"passed_time":3.053726392,"remaining_time":1.755291548},
{"learn":[0.3318589129],"iteration":635,"passed_time":3.058764599,"remaining_time":1.750613701},
{"learn":[0.3317441552],"iteration":636,"passed_time":3.062777811,"remaining_time":1.745350621},
{"learn":[0.331549068],"iteration":637,"passed_time":3.067103087,"remaining_time":1.740268523},
{"learn":[0.3315157166],"iteration":638,"passed_time":3.072225562,"remaining_time":1.735639167},
{"learn":[0.331472387],"iteration":639,"passed_time":3.076688694,"remaining_time":1.730637391},
{"learn":[0.3313816391],"iteration":640,"passed_time":3.080764172,"remaining_time":1.725420184},
{"learn":[0.3313098417],"iteration":641,"passed_time":3.085120906,"remaining_time":1.720363371},
{"learn":[0.3312226192],"iteration":642,"passed_time":3.090218995,"remaining_time":1.715720344},
{"learn":[0.3310859494],"iteration":643,"passed_time":3.095039858,"remaining_time":1.710922654},
{"learn":[0.3309263944],"iteration":644,"passed_time":3.100888289,"remaining_time":1.706690454},
{"learn":[0.3307818915],"iteration":645,"passed_time":3.107111066,"remaining_time":1.702658386},
{"learn":[0.3306803679],"iteration":646,"passed_time":3.112740812,"remaining_time":1.698295992},
{"learn":[0.3306708253],"iteration":647,"passed_time":3.117066411,"remaining_time":1.69322126},
{"learn":[0.3305082044],"iteration":648,"passed_time":3.123752829,"remaining_time":1.689425644},
{"learn":[0.3304469499],"iteration":649,"passed_time":3.12958473,"remaining_time":1.685161009},
{"learn":[0.3304013872],"iteration":650,"passed_time":3.136860377,"remaining_time":1.681665548},
{"learn":[0.3303695313],"iteration":651,"passed_time":3.142293457,"remaining_time":1.677175035},
{"learn":[0.3302292761],"iteration":652,"passed_time":3.14789342,"remaining_time":1.672770316},
{"learn":[0.3300781377],"iteration":653,"passed_time":3.154907828,"remaining_time":1.669110257},
{"learn":[0.3299006425],"iteration":654,"passed_time":3.160450497,"remaining_time":1.664664766},
{"learn":[0.3297664426],"iteration":655,"passed_time":3.167025007,"remaining_time":1.660757016},
{"learn":[0.3296107663],"iteration":656,"passed_time":3.17250166,"remaining_time":1.65626799},
{"learn":[0.3293425975],"iteration":657,"passed_time":3.177634865,"remaining_time":1.651597453},
{"learn":[0.3291733439],"iteration":658,"passed_time":3.183192755,"remaining_time":1.647145265},
{"learn":[0.3290964082],"iteration":659,"passed_time":3.189146577,"remaining_time":1.642893691},
{"learn":[0.3289685718],"iteration":660,"passed_time":3.195075299,"remaining_time":1.638624094},
{"learn":[0.3288459081],"iteration":661,"passed_time":3.200608952,"remaining_time":1.634147773},
{"learn":[0.3287139189],"iteration":662,"passed_time":3.205374848,"remaining_time":1.629278014},
{"learn":[0.3286985762],"iteration":663,"passed_time":3.210998987,"remaining_time":1.624842861},
{"learn":[0.3285636787],"iteration":664,"passed_time":3.217118768,"remaining_time":1.620653816},
{"learn":[0.3285312539],"iteration":665,"passed_time":3.221233511,"remaining_time":1.615453442},
{"learn":[0.3284471393],"iteration":666,"passed_time":3.226547227,"remaining_time":1.610854912},
{"learn":[0.328253354],"iteration":667,"passed_time":3.232910613,"remaining_time":1.606775933},
{"learn":[0.3280336487],"iteration":668,"passed_time":3.238227609,"remaining_time":1.602172405},
{"learn":[0.3278318105],"iteration":669,"passed_time":3.243520948,"remaining_time":1.597555094},
{"learn":[0.3277997406],"iteration":670,"passed_time":3.247637225,"remaining_time":1.592358639},
{"learn":[0.3276791156],"iteration":671,"passed_time":3.252852277,"remaining_time":1.587701706},
{"learn":[0.3275658699],"iteration":672,"passed_time":3.258233055,"remaining_time":1.583123639},
{"learn":[0.3274035355],"iteration":673,"passed_time":3.264057701,"remaining_time":1.578757879},
{"learn":[0.3273395188],"iteration":674,"passed_time":3.268738901,"remaining_time":1.573837248},
{"learn":[0.3273153673],"iteration":675,"passed_time":3.272697581,"remaining_time":1.56857103},
{"learn":[0.3271705933],"iteration":676,"passed_time":3.278090354,"remaining_time":1.563992887},
{"learn":[0.3270720884],"iteration":677,"passed_time":3.283428406,"remaining_time":1.559386352},
{"learn":[0.3270592089],"iteration":678,"passed_time":3.286429816,"remaining_time":1.553673006},
{"learn":[0.3270378623],"iteration":679,"passed_time":3.291281769,"remaining_time":1.54883848},
{"learn":[0.3268863106],"iteration":680,"passed_time":3.295917272,"remaining_time":1.543902511},
{"learn":[0.3266281006],"iteration":681,"passed_time":3.300199571,"remaining_time":1.538802733},
{"learn":[0.3265052055],"iteration":682,"passed_time":3.304658787,"remaining_time":1.533787461},
{"learn":[0.3264086518],"iteration":683,"passed_time":3.310169785,"remaining_time":1.529259725},
{"learn":[0.326328285],"iteration":684,"passed_time":3.314101435,"remaining_time":1.52400285},
{"learn":[0.3262600337],"iteration":685,"passed_time":3.317797316,"remaining_time":1.51864192},
{"learn":[0.3261250863],"iteration":686,"passed_time":3.323087657,"remaining_time":1.514012281},
{"learn":[0.3258787049],"iteration":687,"passed_time":3.328142999,"remaining_time":1.509274151},
{"learn":[0.3257987753],"iteration":688,"passed_time":3.332873332,"remaining_time":1.504388398},
{"learn":[0.3257359828],"iteration":689,"passed_time":3.337896453,"remaining_time":1.499634638},
{"learn":[0.3255900429],"iteration":690,"passed_time":3.342804342,"remaining_time":1.49482857},
{"learn":[0.3255085384],"iteration":691,"passed_time":3.347124252,"remaining_time":1.489760505},
{"learn":[0.3253551219],"iteration":692,"passed_time":3.351719574,"remaining_time":1.484816608},
{"learn":[0.3252683151],"iteration":693,"passed_time":3.356639223,"remaining_time":1.480016718},
{"learn":[0.3251739205],"iteration":694,"passed_time":3.361216365,"remaining_time":1.475066174},
{"learn":[0.3251034016],"iteration":695,"passed_time":3.365338113,"remaining_time":1.469917797},
{"learn":[0.3250772737],"iteration":696,"passed_time":3.368183392,"remaining_time":1.464217458},
{"learn":[0.3249578151],"iteration":697,"passed_time":3.372991235,"remaining_time":1.459374431},
{"learn":[0.3248670382],"iteration":698,"passed_time":3.377387287,"remaining_time":1.454354182},
{"learn":[0.3248588021],"iteration":699,"passed_time":3.380131582,"remaining_time":1.448627821},
{"learn":[0.3247970431],"iteration":700,"passed_time":3.38488083,"remaining_time":1.443765147},
{"learn":[0.3246109124],"iteration":701,"passed_time":3.389155586,"remaining_time":1.438701374},
{"learn":[0.3244664406],"iteration":702,"passed_time":3.393098068,"remaining_time":1.433499468},
{"learn":[0.3243923458],"iteration":703,"passed_time":3.39738453,"remaining_time":1.428445768},
{"learn":[0.3242868657],"iteration":704,"passed_time":3.402792107,"remaining_time":1.423863364},
{"learn":[0.3242326723],"iteration":705,"passed_time":3.406954809,"remaining_time":1.418760218},
{"learn":[0.324116949],"iteration":706,"passed_time":3.411160583,"remaining_time":1.413677582},
{"learn":[0.3238900433],"iteration":707,"passed_time":3.416101855,"remaining_time":1.408900765},
{"learn":[0.3236751049],"iteration":708,"passed_time":3.421117739,"remaining_time":1.404154107},
{"learn":[0.3236159048],"iteration":709,"passed_time":3.425564344,"remaining_time":1.399174169},
{"learn":[0.3234902156],"iteration":710,"passed_time":3.43006323,"remaining_time":1.394216981},
{"learn":[0.3234721493],"iteration":711,"passed_time":3.433773508,"remaining_time":1.388942093},
{"learn":[0.3233286895],"iteration":712,"passed_time":3.438013428,"remaining_time":1.383884788},
{"learn":[0.3232306575],"iteration":713,"passed_time":3.441788719,"remaining_time":1.37864366},
{"learn":[0.3229074358],"iteration":714,"passed_time":3.445956662,"remaining_time":1.373563145},
{"learn":[0.322764103],"iteration":715,"passed_time":3.450511243,"remaining_time":1.368638538},
{"learn":[0.3226705527],"iteration":716,"passed_time":3.454665093,"remaining_time":1.363556794},
{"learn":[0.3225747806],"iteration":717,"passed_time":3.458404404,"remaining_time":1.358314822},
{"learn":[0.3225308417],"iteration":718,"passed_time":3.462217284,"remaining_time":1.353105781},
{"learn":[0.3223939772],"iteration":719,"passed_time":3.466532171,"remaining_time":1.348095844},
{"learn":[0.3223510745],"iteration":720,"passed_time":3.470802214,"remaining_time":1.343070482},
{"learn":[0.3221299669],"iteration":721,"passed_time":3.474770348,"remaining_time":1.337930965},
{"learn":[0.3220888134],"iteration":722,"passed_time":3.478772854,"remaining_time":1.332807857},
{"learn":[0.3219617995],"iteration":723,"passed_time":3.482733354,"remaining_time":1.327671831},
{"learn":[0.321951794],"iteration":724,"passed_time":3.485571516,"remaining_time":1.322113334},
{"learn":[0.3219074295],"iteration":725,"passed_time":3.489264465,"remaining_time":1.316884936},
{"learn":[0.3218293977],"iteration":726,"passed_time":3.493426373,"remaining_time":1.311836864},
{"learn":[0.3216593234],"iteration":727,"passed_time":3.4978789,"remaining_time":1.306899809},
{"learn":[0.321651654],"iteration":728,"passed_time":3.500512362,"remaining_time":1.30128786},
{"learn":[0.3215908645],"iteration":729,"passed_time":3.504441929,"remaining_time":1.296163453},
{"learn":[0.3215379912],"iteration":730,"passed_time":3.508234807,"remaining_time":1.290992015},
{"learn":[0.3214599123],"iteration":731,"passed_time":3.513481337,"remaining_time":1.286356555},
{"learn":[0.3213796809],"iteration":732,"passed_time":3.517539879,"remaining_time":1.281286695},
{"learn":[0.3213058465],"iteration":733,"passed_time":3.521641379,"remaining_time":1.276235159},
{"learn":[0.3212115392],"iteration":734,"passed_time":3.525899468,"remaining_time":1.271242665},
{"learn":[0.3210658086],"iteration":735,"passed_time":3.530727528,"remaining_time":1.266456613},
{"learn":[0.320949427],"iteration":736,"passed_time":3.534719522,"remaining_time":1.261372096},
{"learn":[0.3207898779],"iteration":737,"passed_time":3.538232682,"remaining_time":1.256120546},
{"learn":[0.3206545657],"iteration":738,"passed_time":3.542400078,"remaining_time":1.251104764},
{"learn":[0.3205520071],"iteration":739,"passed_time":3.545686636,"remaining_time":1.245781791},
{"learn":[0.3204858899],"iteration":740,"passed_time":3.54945713,"remaining_time":1.240633464},
{"learn":[0.3203908948],"iteration":741,"passed_time":3.553169746,"remaining_time":1.235468726},
{"learn":[0.3202187237],"iteration":742,"passed_time":3.556814702,"remaining_time":1.230284493},
{"learn":[0.3201027439],"iteration":743,"passed_time":3.560882645,"remaining_time":1.225249942},
{"learn":[0.3199722573],"iteration":744,"passed_time":3.564940096,"remaining_time":1.220214395},
{"learn":[0.3198787388],"iteration":745,"passed_time":3.568618643,"remaining_time":1.21505246},
{"learn":[0.3197917318],"iteration":746,"passed_time":3.572621664,"remaining_time":1.210004392},
{"learn":[0.3195345731],"iteration":747,"passed_time":3.576555348,"remaining_time":1.204935759},
{"learn":[0.3194986546],"iteration":748,"passed_time":3.580063972,"remaining_time":1.199727713},
{"learn":[0.3193680248],"iteration":749,"passed_time":3.58356705,"remaining_time":1.19452235},
{"learn":[0.3192542319],"iteration":750,"passed_time":3.587492384,"remaining_time":1.189461523},
{"learn":[0.3191788156],"iteration":751,"passed_time":3.592099658,"remaining_time":1.184628611},
{"learn":[0.3190858773],"iteration":752,"passed_time":3.595913114,"remaining_time":1.179535908},
{"learn":[0.3190651372],"iteration":753,"passed_time":3.599234913,"remaining_time":1.174286192},
{"learn":[0.3189585598],"iteration":754,"passed_time":3.602963045,"remaining_time":1.169173439},
{"learn":[0.3188625633],"iteration":755,"passed_time":3.622165701,"remaining_time":1.169058771},
{"learn":[0.3187740281],"iteration":756,"passed_time":3.627342493,"remaining_time":1.164391316},
{"learn":[0.3185870496],"iteration":757,"passed_time":3.631026325,"remaining_time":1.159245872},
{"learn":[0.3185068524],"iteration":758,"passed_time":3.634922887,"remaining_time":1.154171826},
{"learn":[0.3183409871],"iteration":759,"passed_time":3.639192315,"remaining_time":1.149218626},
{"learn":[0.3181419014],"iteration":760,"passed_time":3.642884928,"remaining_time":1.144086068},
{"learn":[0.3180990432],"iteration":761,"passed_time":3.645937475,"remaining_time":1.138757374},
{"learn":[0.3179645347],"iteration":762,"passed_time":3.649713749,"remaining_time":1.133659448},
{"learn":[0.3178044762],"iteration":763,"passed_time":3.653801712,"remaining_time":1.128661262},
{"learn":[0.3177647293],"iteration":764,"passed_time":3.658073147,"remaining_time":1.123721816},
{"learn":[0.3177301659],"iteration":765,"passed_time":3.661896274,"remaining_time":1.118647165},
{"learn":[0.317607991],"iteration":766,"passed_time":3.666106756,"remaining_time":1.113693447},
{"learn":[0.3175168404],"iteration":767,"passed_time":3.670113014,"remaining_time":1.108679973},
{"learn":[0.317317676],"iteration":768,"passed_time":3.673983523,"remaining_time":1.10362834},
{"learn":[0.3171236599],"iteration":769,"passed_time":3.67770246,"remaining_time":1.098534501},
{"learn":[0.3169834805],"iteration":770,"passed_time":3.682586949,"remaining_time":1.093790417},
{"learn":[0.3169241567],"iteration":771,"passed_time":3.686513731,"remaining_time":1.088763123},
{"learn":[0.3167541086],"iteration":772,"passed_time":3.690687766,"remaining_time":1.083811284},
{"learn":[0.3165319693],"iteration":773,"passed_time":3.695350119,"remaining_time":1.07900404},
{"learn":[0.3163391425],"iteration":774,"passed_time":3.700408636,"remaining_time":1.074312185},
{"learn":[0.3163100564],"iteration":775,"passed_time":3.704750335,"remaining_time":1.069412468},
{"learn":[0.3162359579],"iteration":776,"passed_time":3.708733598,"remaining_time":1.064411316},
{"learn":[0.3160413215],"iteration":777,"passed_time":3.713655747,"remaining_time":1.059680689},
{"learn":[0.3158089325],"iteration":778,"passed_time":3.717780713,"remaining_time":1.054723411},
{"learn":[0.3156596289],"iteration":779,"passed_time":3.721676562,"remaining_time":1.049703646},
{"learn":[0.3155778594],"iteration":780,"passed_time":3.725782422,"remaining_time":1.044745647},
{"learn":[0.3155057803],"iteration":781,"passed_time":3.730451504,"remaining_time":1.039946839},
{"learn":[0.3153683671],"iteration":782,"passed_time":3.735065757,"remaining_time":1.035133166},
{"learn":[0.3151056693],"iteration":783,"passed_time":3.738832882,"remaining_time":1.03008661},
{"learn":[0.3149657018],"iteration":784,"passed_time":3.743250632,"remaining_time":1.025221511},
{"learn":[0.3148665289],"iteration":785,"passed_time":3.748544235,"remaining_time":1.020596013},
{"learn":[0.3148307053],"iteration":786,"passed_time":3.751731102,"remaining_time":1.015398634},
{"learn":[0.3148257739],"iteration":787,"passed_time":3.754418954,"remaining_time":1.010072104},
{"learn":[0.3147652064],"iteration":788,"passed_time":3.758961703,"remaining_time":1.005248313},
{"learn":[0.3145342775],"iteration":789,"passed_time":3.764542885,"remaining_time":1.000701273},
{"learn":[0.3145045859],"iteration":790,"passed_time":3.768713348,"remaining_time":0.9957788744},
{"learn":[0.314262715],"iteration":791,"passed_time":3.772737627,"remaining_time":0.9908199829},
{"learn":[0.3140649591],"iteration":792,"passed_time":3.778174048,"remaining_time":0.9862320654},
{"learn":[0.314031782],"iteration":793,"passed_time":3.782407366,"remaining_time":0.9813298708},
{"learn":[0.3139614938],"iteration":794,"passed_time":3.786512919,"remaining_time":0.976396413},
{"learn":[0.3139082236],"iteration":795,"passed_time":3.790798546,"remaining_time":0.9715111852},
{"learn":[0.3138503863],"iteration":796,"passed_time":3.795499178,"remaining_time":0.9667331659},
{"learn":[0.3137669474],"iteration":797,"passed_time":3.799566415,"remaining_time":0.9617950073},
{"learn":[0.3137455934],"iteration":798,"passed_time":3.803400616,"remaining_time":0.9568004052},
{"learn":[0.3134942496],"iteration":799,"passed_time":3.808942731,"remaining_time":0.9522356828},
{"learn":[0.313413378],"iteration":800,"passed_time":3.813168602,"remaining_time":0.9473415128},
{"learn":[0.3133491676],"iteration":801,"passed_time":3.816944349,"remaining_time":0.9423378816},
{"learn":[0.3131895675],"iteration":802,"passed_time":3.821296007,"remaining_time":0.937478597},
{"learn":[0.3131032073],"iteration":803,"passed_time":3.826279687,"remaining_time":0.9327746501},
{"learn":[0.3130601173],"iteration":804,"passed_time":3.830937943,"remaining_time":0.9279911787},
{"learn":[0.3129437484],"iteration":805,"passed_time":3.83488639,"remaining_time":0.9230371707},
{"learn":[0.3128589497],"iteration":806,"passed_time":3.840202098,"remaining_time":0.9184126456},
{"learn":[0.3127549908],"iteration":807,"passed_time":3.844366199,"remaining_time":0.91351276},
{"learn":[0.3126872331],"iteration":808,"passed_time":3.848786666,"remaining_time":0.9086752203},
{"learn":[0.3125264646],"iteration":809,"passed_time":3.853451028,"remaining_time":0.9038959202},
{"learn":[0.312458112],"iteration":810,"passed_time":3.858089629,"remaining_time":0.8991109001},
{"learn":[0.3124440074],"iteration":811,"passed_time":3.862175837,"remaining_time":0.8941983465},
{"learn":[0.3123262331],"iteration":812,"passed_time":3.86599618,"remaining_time":0.8892266735},
{"learn":[0.3121494294],"iteration":813,"passed_time":3.871700465,"remaining_time":0.8846883127},
{"learn":[0.3120645555],"iteration":814,"passed_time":3.876053651,"remaining_time":0.8798403993},
{"learn":[0.3119762682],"iteration":815,"passed_time":3.880071498,"remaining_time":0.8749180829},
{"learn":[0.3119135361],"iteration":816,"passed_time":3.88434419,"remaining_time":0.8700550634},
{"learn":[0.3116720896],"iteration":817,"passed_time":3.889657651,"remaining_time":0.8654250519},
{"learn":[0.3115480075],"iteration":818,"passed_time":3.894141186,"remaining_time":0.8606099568},
{"learn":[0.3114187071],"iteration":819,"passed_time":3.898507334,"remaining_time":0.8557699025},
{"learn":[0.3112843861],"iteration":820,"passed_time":3.90364758,"remaining_time":0.851099777},
{"learn":[0.3112046289],"iteration":821,"passed_time":3.908079447,"remaining_time":0.8462751113},
{"learn":[0.3109624239],"iteration":822,"passed_time":3.912273697,"remaining_time":0.841400297},
{"learn":[0.3108172177],"iteration":823,"passed_time":3.917374186,"remaining_time":0.8367207},
{"learn":[0.31073629],"iteration":824,"passed_time":3.922731572,"remaining_time":0.832094576},
{"learn":[0.3106896868],"iteration":825,"passed_time":3.929205936,"remaining_time":0.8277019768},
{"learn":[0.3106245644],"iteration":826,"passed_time":3.935987757,"remaining_time":0.8233686602},
{"learn":[0.3106197619],"iteration":827,"passed_time":3.939691519,"remaining_time":0.8183900256},
{"learn":[0.3105877756],"iteration":828,"passed_time":3.945477131,"remaining_time":0.8138438955},
{"learn":[0.3103253803],"iteration":829,"passed_time":3.952438118,"remaining_time":0.8095355181},
{"learn":[0.3102066006],"iteration":830,"passed_time":3.958244659,"remaining_time":0.8049859776},
{"learn":[0.3100510682],"iteration":831,"passed_time":3.96446546,"remaining_time":0.800517064},
{"learn":[0.3098939908],"iteration":832,"passed_time":3.970926647,"remaining_time":0.796092137},
{"learn":[0.3097672651],"iteration":833,"passed_time":3.977400158,"remaining_time":0.7916647797},
{"learn":[0.3096471954],"iteration":834,"passed_time":3.986826273,"remaining_time":0.7878159702},
{"learn":[0.309501016],"iteration":835,"passed_time":3.992761277,"remaining_time":0.7832689586},
{"learn":[0.3093886296],"iteration":836,"passed_time":4.000245946,"remaining_time":0.7790204172},
{"learn":[0.3093366381],"iteration":837,"passed_time":4.00599924,"remaining_time":0.7744294474},
{"learn":[0.3092976306],"iteration":838,"passed_time":4.013070861,"remaining_time":0.7700886873},
{"learn":[0.3091722415],"iteration":839,"passed_time":4.019181543,"remaining_time":0.7655583891},
{"learn":[0.3090981007],"iteration":840,"passed_time":4.024960815,"remaining_time":0.7609616761},
{"learn":[0.3090729884],"iteration":841,"passed_time":4.031512916,"remaining_time":0.7565071742},
{"learn":[0.3089535775],"iteration":842,"passed_time":4.036794624,"remaining_time":0.7518110984},
{"learn":[0.3087817096],"iteration":843,"passed_time":4.043217667,"remaining_time":0.7473245925},
{"learn":[0.3086518826],"iteration":844,"passed_time":4.049364642,"remaining_time":0.7427828634},
{"learn":[0.3084753695],"iteration":845,"passed_time":4.054326411,"remaining_time":0.7380215925},
{"learn":[0.3082998608],"iteration":846,"passed_time":4.060529015,"remaining_time":0.7334839897},
{"learn":[0.3081931109],"iteration":847,"passed_time":4.066089332,"remaining_time":0.7288273331},
{"learn":[0.3080935708],"iteration":848,"passed_time":4.071215102,"remaining_time":0.7240912607},
{"learn":[0.3080482118],"iteration":849,"passed_time":4.078349393,"remaining_time":0.7197087164},
{"learn":[0.3079797148],"iteration":850,"passed_time":4.083455783,"remaining_time":0.7149646436},
{"learn":[0.3079622955],"iteration":851,"passed_time":4.088916163,"remaining_time":0.7102812114},
{"learn":[0.3077958551],"iteration":852,"passed_time":4.095312618,"remaining_time":0.7057572742},
{"learn":[0.3077396101],"iteration":853,"passed_time":4.100324779,"remaining_time":0.7009922923},
{"learn":[0.3076674593],"iteration":854,"passed_time":4.10563251,"remaining_time":0.6962768585},
{"learn":[0.3076121689],"iteration":855,"passed_time":4.110860527,"remaining_time":0.6915466307},
{"learn":[0.3073823053],"iteration":856,"passed_time":4.115862769,"remaining_time":0.6867775683},
{"learn":[0.3073331716],"iteration":857,"passed_time":4.120723967,"remaining_time":0.6819846192},
{"learn":[0.3071981528],"iteration":858,"passed_time":4.125871348,"remaining_time":0.6772384867},
{"learn":[0.3069386652],"iteration":859,"passed_time":4.131080387,"remaining_time":0.6725014583},
{"learn":[0.3067499003],"iteration":860,"passed_time":4.13563881,"remaining_time":0.667658298},
{"learn":[0.3067142696],"iteration":861,"passed_time":4.140267534,"remaining_time":0.6628270529},
{"learn":[0.3065252181],"iteration":862,"passed_time":4.144546259,"remaining_time":0.6579407155},
{"learn":[0.3064287161],"iteration":863,"passed_time":4.148968992,"remaining_time":0.6530784525},
{"learn":[0.3063686457],"iteration":864,"passed_time":4.154616224,"remaining_time":0.6484083125},
{"learn":[0.3063572311],"iteration":865,"passed_time":4.157963756,"remaining_time":0.6433800731},
{"learn":[0.3062009578],"iteration":866,"passed_time":4.162464218,"remaining_time":0.6385325732},
{"learn":[0.3061831217],"iteration":867,"passed_time":4.166643576,"remaining_time":0.6336370416},
{"learn":[0.3061155935],"iteration":868,"passed_time":4.172320039,"remaining_time":0.6289688436},
{"learn":[0.3060377671],"iteration":869,"passed_time":4.176681838,"remaining_time":0.6241018838},
{"learn":[0.305982834],"iteration":870,"passed_time":4.181101897,"remaining_time":0.6192447126},
{"learn":[0.3058110569],"iteration":871,"passed_time":4.186611915,"remaining_time":0.614548538},
{"learn":[0.3057365405],"iteration":872,"passed_time":4.191411864,"remaining_time":0.6097472013},
{"learn":[0.3056919482],"iteration":873,"passed_time":4.19572121,"remaining_time":0.60487514},
{"learn":[0.3056569802],"iteration":874,"passed_time":4.200643197,"remaining_time":0.6000918853},
{"learn":[0.305605093],"iteration":875,"passed_time":4.205639271,"remaining_time":0.595318801},
{"learn":[0.305500489],"iteration":876,"passed_time":4.210211451,"remaining_time":0.5904857566},
{"learn":[0.3054213718],"iteration":877,"passed_time":4.214194273,"remaining_time":0.5855714138},
{"learn":[0.3051965866],"iteration":878,"passed_time":4.218751164,"remaining_time":0.5807382148},
{"learn":[0.3051229742],"iteration":879,"passed_time":4.223225389,"remaining_time":0.5758943712},
{"learn":[0.304962259],"iteration":880,"passed_time":4.227410267,"remaining_time":0.5710122835},
{"learn":[0.3048439983],"iteration":881,"passed_time":4.231972523,"remaining_time":0.566182265},
{"learn":[0.3047322291],"iteration":882,"passed_time":4.236084761,"remaining_time":0.5612932243},
{"learn":[0.3045941025],"iteration":883,"passed_time":4.240143577,"remaining_time":0.5563989309},
{"learn":[0.3045122168],"iteration":884,"passed_time":4.2438705,"remaining_time":0.5514633983},
{"learn":[0.3044803391],"iteration":885,"passed_time":4.24895917,"remaining_time":0.5467058075},
{"learn":[0.3044356315],"iteration":886,"passed_time":4.252968854,"remaining_time":0.5418100119},
{"learn":[0.3043427841],"iteration":887,"passed_time":4.257558559,"remaining_time":0.5369893679},
{"learn":[0.304284572],"iteration":888,"passed_time":4.262086811,"remaining_time":0.5321615703},
{"learn":[0.3040844392],"iteration":889,"passed_time":4.266983458,"remaining_time":0.527379978},
{"learn":[0.3038784466],"iteration":890,"passed_time":4.270943335,"remaining_time":0.5224835281},
{"learn":[0.3037607973],"iteration":891,"passed_time":4.275240652,"remaining_time":0.5176300341},
{"learn":[0.3035720601],"iteration":892,"passed_time":4.280319551,"remaining_time":0.5128714356},
{"learn":[0.303523051],"iteration":893,"passed_time":4.284556345,"remaining_time":0.5080122736},
{"learn":[0.3034641969],"iteration":894,"passed_time":4.288462627,"remaining_time":0.5031157272},
{"learn":[0.3033507288],"iteration":895,"passed_time":4.292587952,"remaining_time":0.4982468159},
{"learn":[0.3031274184],"iteration":896,"passed_time":4.297830896,"remaining_time":0.4935078956},
{"learn":[0.3030823274],"iteration":897,"passed_time":4.302115258,"remaining_time":0.4886589714},
{"learn":[0.3030177813],"iteration":898,"passed_time":4.305901654,"remaining_time":0.4837553583},
{"learn":[0.3029056725],"iteration":899,"passed_time":4.310018105,"remaining_time":0.4788909006},
{"learn":[0.3029019275],"iteration":900,"passed_time":4.313377493,"remaining_time":0.4739449187},
{"learn":[0.3028225636],"iteration":901,"passed_time":4.31713229,"remaining_time":0.4690454151},
{"learn":[0.3027104301],"iteration":902,"passed_time":4.321341581,"remaining_time":0.4641972684},
{"learn":[0.3026202594],"iteration":903,"passed_time":4.326153827,"remaining_time":0.4594145657},
{"learn":[0.3025281327],"iteration":904,"passed_time":4.330667692,"remaining_time":0.4546004759},
{"learn":[0.3022810141],"iteration":905,"passed_time":4.335238968,"remaining_time":0.4497930055},
{"learn":[0.3021814475],"iteration":906,"passed_time":4.339561984,"remaining_time":0.4449606003},
{"learn":[0.3020486142],"iteration":907,"passed_time":4.343981207,"remaining_time":0.440139065},
{"learn":[0.3019426607],"iteration":908,"passed_time":4.348127589,"remaining_time":0.4352911007},
{"learn":[0.3018302514],"iteration":909,"passed_time":4.352185204,"remaining_time":0.4304358993},
{"learn":[0.3017229355],"iteration":910,"passed_time":4.35666661,"remaining_time":0.425623851},
{"learn":[0.3016241071],"iteration":911,"passed_time":4.361472164,"remaining_time":0.4208438053},
{"learn":[0.3014990797],"iteration":912,"passed_time":4.365449303,"remaining_time":0.4159847638},
{"learn":[0.3014271927],"iteration":913,"passed_time":4.36962709,"remaining_time":0.4111465315},
{"learn":[0.3012373404],"iteration":914,"passed_time":4.374865708,"remaining_time":0.4064082898},
{"learn":[0.3011166874],"iteration":915,"passed_time":4.379428985,"remaining_time":0.4016070249},
{"learn":[0.3009478665],"iteration":916,"passed_time":4.383760489,"remaining_time":0.3967853005},
{"learn":[0.3008121329],"iteration":917,"passed_time":4.388366722,"remaining_time":0.3919891843},
{"learn":[0.3006197867],"iteration":918,"passed_time":4.393379364,"remaining_time":0.3872293019},
{"learn":[0.3004186182],"iteration":919,"passed_time":4.397815377,"remaining_time":0.3824187285},
{"learn":[0.3004006639],"iteration":920,"passed_time":4.402395829,"remaining_time":0.3776213578},
{"learn":[0.3002712515],"iteration":921,"passed_time":4.407109274,"remaining_time":0.3728357086},
{"learn":[0.30021391],"iteration":922,"passed_time":4.410978225,"remaining_time":0.3679797653},
{"learn":[0.3001788325],"iteration":923,"passed_time":4.415448105,"remaining_time":0.3631753852},
{"learn":[0.3001348507],"iteration":924,"passed_time":4.4199488,"remaining_time":0.358374227},
{"learn":[0.3000896747],"iteration":925,"passed_time":4.425017472,"remaining_time":0.3536191069},
{"learn":[0.3000501334],"iteration":926,"passed_time":4.429593785,"remaining_time":0.3488245376},
{"learn":[0.299984877],"iteration":927,"passed_time":4.433871855,"remaining_time":0.3440072991},
{"learn":[0.2997585444],"iteration":928,"passed_time":4.438336033,"remaining_time":0.3392054449},
{"learn":[0.2996888703],"iteration":929,"passed_time":4.442638447,"remaining_time":0.3343921412},
{"learn":[0.2995104247],"iteration":930,"passed_time":4.446705437,"remaining_time":0.3295624868},
{"learn":[0.299357264],"iteration":931,"passed_time":4.451176818,"remaining_time":0.3247639739},
{"learn":[0.299225442],"iteration":932,"passed_time":4.456820747,"remaining_time":0.3200503645},
{"learn":[0.2991341787],"iteration":933,"passed_time":4.461179409,"remaining_time":0.3152439411},
{"learn":[0.2990650174],"iteration":934,"passed_time":4.468528344,"remaining_time":0.3106463555},
{"learn":[0.2990303937],"iteration":935,"passed_time":4.472929056,"remaining_time":0.305841303},
{"learn":[0.298963342],"iteration":936,"passed_time":4.47811148,"remaining_time":0.3010896726},
{"learn":[0.2989433536],"iteration":937,"passed_time":4.483806056,"remaining_time":0.296370976},
{"learn":[0.2988854452],"iteration":938,"passed_time":4.489245333,"remaining_time":0.2916336159},
{"learn":[0.2988095036],"iteration":939,"passed_time":4.49369396,"remaining_time":0.2868315294},
{"learn":[0.2985540838],"iteration":940,"passed_time":4.49879827,"remaining_time":0.2820713049},
{"learn":[0.298293237],"iteration":941,"passed_time":4.503628054,"remaining_time":0.2772934471},
{"learn":[0.2982029179],"iteration":942,"passed_time":4.508021347,"remaining_time":0.2724890952},
{"learn":[0.2981712312],"iteration":943,"passed_time":4.515460937,"remaining_time":0.2678663268},
{"learn":[0.298137469],"iteration":944,"passed_time":4.520213572,"remaining_time":0.2630812132},
{"learn":[0.2980369564],"iteration":945,"passed_time":4.524721366,"remaining_time":0.2582821921},
{"learn":[0.2979179041],"iteration":946,"passed_time":4.530203205,"remaining_time":0.2535382997},
{"learn":[0.2977675621],"iteration":947,"passed_time":4.535729379,"remaining_time":0.2487952824},
{"learn":[0.2976887825],"iteration":948,"passed_time":4.540358256,"remaining_time":0.2440023931},
{"learn":[0.2976549906],"iteration":949,"passed_time":4.548845892,"remaining_time":0.2394129417},
{"learn":[0.2975452151],"iteration":950,"passed_time":4.553635173,"remaining_time":0.2346247355},
{"learn":[0.297459432],"iteration":951,"passed_time":4.558325824,"remaining_time":0.2298315542},
{"learn":[0.2974003332],"iteration":952,"passed_time":4.565285624,"remaining_time":0.2251504977},
{"learn":[0.2973492962],"iteration":953,"passed_time":4.57062134,"remaining_time":0.2203863539},
{"learn":[0.2972927438],"iteration":954,"passed_time":4.575838395,"remaining_time":0.2156154218},
{"learn":[0.2972350666],"iteration":955,"passed_time":4.581785407,"remaining_time":0.2108771526},
{"learn":[0.297076498],"iteration":956,"passed_time":4.586544874,"remaining_time":0.2060829985},
{"learn":[0.2970277801],"iteration":957,"passed_time":4.591087288,"remaining_time":0.2012794009},
{"learn":[0.2969457263],"iteration":958,"passed_time":4.596660436,"remaining_time":0.1965204149},
{"learn":[0.2968430681],"iteration":959,"passed_time":4.603254805,"remaining_time":0.1918022835},
{"learn":[0.2967838091],"iteration":960,"passed_time":4.613629356,"remaining_time":0.1872336575},
{"learn":[0.2966884784],"iteration":961,"passed_time":4.620732828,"remaining_time":0.18252375},
{"learn":[0.2965802343],"iteration":962,"passed_time":4.633210684,"remaining_time":0.1780153638},
{"learn":[0.296471673],"iteration":963,"passed_time":4.644105454,"remaining_time":0.173431324},
{"learn":[0.2963812249],"iteration":964,"passed_time":4.652770702,"remaining_time":0.1687533415},
{"learn":[0.2963410446],"iteration":965,"passed_time":4.663204332,"remaining_time":0.164129345},
{"learn":[0.2962629098],"iteration":966,"passed_time":4.670452511,"remaining_time":0.1593846255},
{"learn":[0.2962257924],"iteration":967,"passed_time":4.679451532,"remaining_time":0.1546926126},
{"learn":[0.2962199287],"iteration":968,"passed_time":4.685953145,"remaining_time":0.1499118137},
{"learn":[0.2960866658],"iteration":969,"passed_time":4.693739114,"remaining_time":0.1451671891},
{"learn":[0.2959814395],"iteration":970,"passed_time":4.699918432,"remaining_time":0.1403683157},
{"learn":[0.2958232111],"iteration":971,"passed_time":4.712136048,"remaining_time":0.1357405446},
{"learn":[0.2957561706],"iteration":972,"passed_time":4.720257223,"remaining_time":0.1309834995},
{"learn":[0.2956929446],"iteration":973,"passed_time":4.727081128,"remaining_time":0.1261849172},
{"learn":[0.2956473326],"iteration":974,"passed_time":4.733398736,"remaining_time":0.1213691984},
{"learn":[0.2955175998],"iteration":975,"passed_time":4.741139213,"remaining_time":0.1165853905},
{"learn":[0.2954729148],"iteration":976,"passed_time":4.747155626,"remaining_time":0.1117549431},
{"learn":[0.2953487174],"iteration":977,"passed_time":4.75455449,"remaining_time":0.1069531685},
{"learn":[0.295118911],"iteration":978,"passed_time":4.760454514,"remaining_time":0.1021139375},
{"learn":[0.2950661894],"iteration":979,"passed_time":4.766531965,"remaining_time":0.09727616255},
{"learn":[0.2949329665],"iteration":980,"passed_time":4.773509223,"remaining_time":0.0924532877},
{"learn":[0.2948060372],"iteration":981,"passed_time":4.780329858,"remaining_time":0.08762315421},
{"learn":[0.2947450446],"iteration":982,"passed_time":4.788270519,"remaining_time":0.08280834061},
{"learn":[0.2947131573],"iteration":983,"passed_time":4.793559312,"remaining_time":0.07794405386},
{"learn":[0.2945599342],"iteration":984,"passed_time":4.80115743,"remaining_time":0.07311407253},
{"learn":[0.2943291272],"iteration":985,"passed_time":4.80750798,"remaining_time":0.0682607624},
{"learn":[0.2941745661],"iteration":986,"passed_time":4.813712515,"remaining_time":0.06340249513},
{"learn":[0.2941273687],"iteration":987,"passed_time":4.82078427,"remaining_time":0.05855203567},
{"learn":[0.2940591525],"iteration":988,"passed_time":4.827714465,"remaining_time":0.05369550972},
{"learn":[0.2939894705],"iteration":989,"passed_time":4.834608947,"remaining_time":0.04883443381},
{"learn":[0.2938546449],"iteration":990,"passed_time":4.840362888,"remaining_time":0.04395889605},
{"learn":[0.2938061671],"iteration":991,"passed_time":4.847119811,"remaining_time":0.0390896759},
{"learn":[0.2937244156],"iteration":992,"passed_time":4.853044049,"remaining_time":0.03421078383},
{"learn":[0.2936046576],"iteration":993,"passed_time":4.859165742,"remaining_time":0.02933098033},
{"learn":[0.2934436017],"iteration":994,"passed_time":4.866049453,"remaining_time":0.02445250982},
{"learn":[0.293407617],"iteration":995,"passed_time":4.872672558,"remaining_time":0.0195689661},
{"learn":[0.2933700687],"iteration":996,"passed_time":4.879005236,"remaining_time":0.01468105889},
{"learn":[0.2932392105],"iteration":997,"passed_time":4.884643566,"remaining_time":0.009788864861},
{"learn":[0.2929847446],"iteration":998,"passed_time":4.889946288,"remaining_time":0.004894841129},
{"learn":[0.2928505739],"iteration":999,"passed_time":4.896166351,"remaining_time":0}
]}